code_muni;name_muni;uf;regiao;casos_sinan;pessoa_ano;inc_sinan_bruta;inc_sinan_ebl;rme_sinan;idhm;ivs;pct_agua_rede;pct_esgoto_adeq;pct_agua_superficial;pct_esgoto_em_corpo_dagua;pct_lixo_coletado;Ii;Z_Ii;p_lisa;p_lisa_aj;cluster
2900108;Abaíra;BA;Bahia;0;64433,1136108387;0,0000000000000000;0,13997253123058950;0,0000000000000000;0,603;;85,7825128581925;24,687729610580455;0,58780308596620123;0,11021307861866275;65,9808963997061;0,0479789443679780950;0,48521106338953901;0,0613;0,3108540000000000;Não significativo
2900207;Abaré;BA;Bahia;0;152925,9830239090;0,0000000000000000;0,10960622445628490;0,0000000000000000;0,575;;87,7547339945897;53,381424706943193;2,45266005410279542;0,23444544634806130;70,5320108205591;0,0509737617107365037;0,30108265121474742;0,1654;0,4142352941176471;Não significativo
2900306;Acajutiba;BA;Bahia;3;116902,4254737904;2,5662427343499412;1,28660423842055516;0,9076679901704279;0,582;;87,9194630872483;0,188758389261745;0,08389261744966443;0,00000000000000000;83,2005033557047;0,0330534259858834209;0,36832996830746456;0,2310;0,4479010600706714;Não significativo
2900355;Adustina;BA;Bahia;6;125800,4165910702;4,7694595634796197;5,07119113619854645;1,6869354243994692;0,546;;76,3779527559055;40,906472056846553;0,11522949875168043;0,36489341271365466;77,8759362396774;-0,0012908256151118970;-0,11547216088559645;0,2435;0,4479010600706714;Não significativo
2900405;Água Fria;BA;Bahia;1;126883,8092339307;0,7881226186678707;1,16160382853362942;0,2787552649322271;0,550;;62,8120411160059;4,754038179148312;0,47723935389133626;1,02790014684287812;63,9500734214391;0,0294185577980870076;0,45791241853811454;0,2997;0,4710909375000000;Não significativo
2900504;Érico Cardoso;BA;Bahia;0;85618,6272325311;0,0000000000000000;0,08116215277669882;0,0000000000000000;0,584;;57,5796588348890;0,354039266173157;1,73801094303186354;0,00000000000000000;59,7682652075957;0,0515410436396521662;0,51824808588656390;0,0164;0,1833155555555556;Não significativo
2900603;Aiquara;BA;Bahia;0;35858,9652345872;0,0000000000000000;0,59997117436930059;0,0000000000000000;0,583;;60,4249667994688;68,592297476759626;3,58565737051792865;8,03452855245683928;80,5444887118194;0,0458487174484653801;0,47938230632128526;0,0286;0,2358327868852459;Não significativo
2900702;Alagoinhas;BA;Bahia;3;1236475,4613881628;0,2426251141799424;0,29456020057973720;0,0858153622043723;0,683;;94,7521813438877;63,772600521723490;0,04677520913915625;0,98767653143833756;92,6454978861204;0,0485066246718451541;0,52653619478138036;0,0237;0,2091421052631579;Não significativo
2900801;Alcobaça;BA;Bahia;5;190550,3553179859;2,6239783135833665;1,48611510610052466;0,9280887931064382;0,608;;58,6417577252967;27,435084008929621;0,29373751615556337;2,87862765832452139;61,0386558571261;0,0326046957072241225;0,33219765698698861;0,2271;0,4437317829457364;Não significativo
2900900;Almadina;BA;Bahia;5;42782,2183186966;11,6870985107728949;6,52440297357731946;4,1336717973735109;0,563;;85,1707317073171;80,439024390243901;0,53658536585365857;5,36585365853658569;85,0243902439024;-0,0146360721104251638;-0,25154617525370804;0,4618;0,4984820359281438;Não significativo
2901007;Amargosa;BA;Bahia;0;300414,7314926228;0,0000000000000000;0,07187279806910034;0,0000000000000000;0,625;;81,5875613747954;29,943460794524622;2,11278083618509172;0,43892277934831125;81,9000148787383;-0,1091208598253785578;-1,23465412330606283;0,0704;0,3359660377358491;Não significativo
2901106;Amélia Rodrigues;BA;Bahia;4;198677,4271910475;2,0133137702420587;2,07853836200641862;0,7120996151133624;0,666;;82,0581395348837;7,546511627906977;0,02325581395348837;0,09302325581395349;95,7325581395349;0,0155241023919820611;0,22399254577223043;0,3647;0,4866932668329177;Não significativo
2901155;América Dourada;BA;Bahia;3;126017,3811321376;2,3806239846028072;2,72065473534817404;0,8420155110554285;0,561;;82,2455322455322;1,282051282051282;0,01942501942501942;0,00000000000000000;88,4032634032634;0,0035643878144607675;0,09214969486939890;0,2268;0,4437317829457364;Não significativo
2901205;Anagé;BA;Bahia;7;188001,6817848543;3,7233709472932652;3,70313160421251419;1,3169387989498693;0,540;;27,3352112676056;11,042253521126760;30,54647887323943678;1,17183098591549295;31,6281690140845;-0,0054220284940784905;-0,32239820579472533;0,1645;0,4142352941176471;Não significativo
2901304;Andaraí;BA;Bahia;2;106009,5889894419;1,8866217849398426;2,14035948960624012;0,6672892555434236;0,555;;60,6734006734007;16,498316498316498;4,08529741863075202;1,12233445566778900;78,9898989898990;0,0203879373774603391;0,41021532106150521;0,3637;0,4866932668329177;Não significativo
2901353;Andorinha;BA;Bahia;2;119438,6658650342;1,6744996149404430;1,48311389888786094;0,5922626412887450;0,588;;60,6777386344573;37,812447575910078;0,28518704915282672;0,48649555443717496;56,2321758094280;0,0292974237903151045;0,38820966789783573;0,2762;0,4587622149837134;Não significativo
2901403;Angical;BA;Bahia;1;111875,2181234294;0,8938530058522185;1,99968972121969601;0,3161516057970237;0,625;;65,4421469423669;0,483941926968764;5,25736911570611554;0,06599208095028597;56,9511658600968;0,0230986961526407283;0,36680795305809871;0,3486;0,4866932668329177;Não significativo
2901502;Anguera;BA;Bahia;0;90247,4917159601;0,0000000000000000;1,08435793884647946;0,0000000000000000;0,589;;87,0158730158730;26,920634920634924;0,15873015873015872;1,52380952380952372;72,8571428571428;0,0347877593717654393;0,26417363588894277;0,3789;0,4866932668329177;Não significativo
2901601;Antas;BA;Bahia;1;136400,2542194357;0,7331364635077855;1,72979274747581413;0,2593069203647766;0,592;;79,7279214986619;60,548617305976805;0,17841213202497772;0,22301516503122212;83,2738626226583;0,0197064798585338784;0,31296055789885485;0,4731;0,4984820359281438;Não significativo
2901700;Antônio Cardoso;BA;Bahia;1;92188,1087258514;1,0847386000441723;1,19201210683161696;0,3836669430305406;0,561;;67,6847004072135;11,314717859220478;7,35892961023851111;0,31995346131471786;52,6759744037231;0,0306797438537153994;0,38537160137895815;0,3265;0,4814220289855072;Não significativo
2901809;Antônio Gonçalves;BA;Bahia;0;91739,4174357630;0,0000000000000000;1,24336743720584786;0,0000000000000000;0,598;;81,3697857948140;7,102593010146562;7,52536640360766640;0,47914317925591882;78,4103720405862;0,0162827479835713010;0,18497918749196482;0,3127;0,4772403030303030;Não significativo
2901908;Aporá;BA;Bahia;0;135842,8834908176;0,0000000000000000;0,60359492485901034;0,0000000000000000;0,548;;90,4374003895874;0,726049229679476;0,19479369576766425;0,14166814237648309;83,1946166105897;0,0437394631551739632;0,46492758694645792;0,0708;0,3359660377358491;Não significativo
2901957;Apuarema;BA;Bahia;4;57406,7799052872;6,9678180984883973;3,04348428455909303;2,4644845028387992;0,552;;66,4523905182804;42,748091603053432;2,41060666934511847;21,45439935717155677;77,9429489754922;0,0172665013749201054;0,46117833894168248;0,0759;0,3448495495495496;Não significativo
2902005;Aracatu;BA;Bahia;248;109343,9175775272;226,8073117319603966;225,79239858952385589;80,2206798445565994;0,581;;43,9548513132190;1,367484263077925;10,13674842630779338;0,28217929238115913;33,7963967874973;-1,0904594178986735109;-0,20551594818688912;0,3363;0,4860887931034483;Não significativo
2902054;Araçás;BA;Bahia;2;95970,8902973602;2,0839652459231299;1,45571061687819658;0,7370887098999306;0,570;;78,8923973767306;6,801068739373330;0,29147437454457131;0,07286859363614283;78,8681078455186;0,0365306943965578654;0,49604503463104760;0,0204;0,1957127272727272;Não significativo
2902104;Araci;BA;Bahia;8;416271,4296590074;1,9218229813545633;1,95279271090378237;0,6797397532199178;0,534;;64,3367377058858;33,874490820001178;1,36371686640297551;0,58445008560127520;67,0523643662554;0,0172675419733721580;0,38548164472063029;0,4859;0,4984820359281438;Não significativo
2902203;Aramari;BA;Bahia;0;85746,4535783012;0,0000000000000000;0,11244296982087923;0,0000000000000000;0,588;;80,8132875143184;10,108820160366552;0,17182130584192440;2,14776632302405490;65,9793814432990;0,0458689639635070506;0,42429227988530732;0,1529;0,4112764705882354;Não significativo
2902252;Arataca;BA;Bahia;10;85376,1044445618;11,7128792242956035;10,02966320235388054;4,1427903145406892;0,559;;61,4232209737828;30,048977239988478;6,79919331604724864;4,20628061077499282;73,4946701238836;-0,0301925679289624695;-0,23332268014827257;0,3561;0,4866932668329177;Não significativo
2902302;Aratuípe;BA;Bahia;1;70801,6914875861;1,4123956348914823;1,92758895703557598;0,4995576958047108;0,575;;59,4091201027617;28,837508028259474;1,18818240205523429;7,73924213230571656;60,7899807321773;0,0197886848868140154;0,31031560026100657;0,4956;0,4984820359281438;Não significativo
2902401;Aurelino Leal;BA;Bahia;0;90903,4144969535;0,0000000000000000;0,63650413968603514;0,0000000000000000;0,568;;85,0632911392405;55,265822784810126;3,26582278481012667;21,89873417721518933;83,5949367088608;0,0445535421991656161;0,51034804590719440;0,0296;0,2397109375000000;Não significativo
2902500;Baianópolis;BA;Bahia;0;111330,7813835573;0,0000000000000000;0,59724239468990181;0,0000000000000000;0,589;;78,8043478260870;0,249094202898551;0,49818840579710139;0,00000000000000000;34,4655797101449;0,0423731647220344648;0,56715908991513531;0,0446;0,2823087500000000;Não significativo
2902609;Baixa Grande;BA;Bahia;0;155812,5663399625;0,0000000000000000;0,51036633519884944;0,0000000000000000;0,585;;63,9291217257319;34,930662557781197;1,06317411402157158;1,14021571648690290;68,3821263482280;0,0400969832600068660;0,41068594015122717;0,2216;0,4419640316205534;Não significativo
2902658;Banzaê;BA;Bahia;1;101624,2307099725;0,9840172890006130;1,22609329706274228;0,3480422888470008;0,579;;74,0279542566709;3,329097839898348;0,02541296060991105;0,00000000000000000;85,0317662007624;0,0315685067510328848;0,34958303576423483;0,3275;0,4814220289855072;Não significativo
2902708;Barra;BA;Bahia;1;425501,8179589918;0,2350166222077989;0,24364876785692377;0,0831242743644947;0,557;;67,9632980098217;31,700697854742828;9,29180666838976599;0,18092530369604548;61,3853708968726;0,0516388775064890726;0,64164151359978705;0,0012;0,0541692307692308;Não significativo
2902807;Barra da Estiva;BA;Bahia;12;190144,7066941733;6,3109829395885688;4,39599056596066173;2,2321649951898466;0,575;;75,7442372292367;48,360940576856251;6,72998957488706129;0,68342407042742959;63,8132746438086;0,0018062203078212987;0,35083628436972525;0,4654;0,4984820359281438;Não significativo
2902906;Barra do Choça;BA;Bahia;2;276759,4300319369;0,7226492697174612;0,74947367211969840;0,2555976492257772;0,551;;78,8417618270799;20,725938009787928;1,43556280587275698;0,30995106035889070;87,3409461663948;-0,0282905100545984174;-0,28175728631446861;0,1322;0,3904098837209302;Não significativo
2903003;Barra do Mendes;BA;Bahia;4;111371,2014466006;3,5915927529235532;3,75109930819285564;1,2703294711451310;0,630;;64,8096748612213;0,317208564631245;0,37668517049960348;0,00000000000000000;62,8271213322760;-0,0109609934244374128;-0,56674957710468465;0,1306;0,3904098837209302;Não significativo
2903102;Barra do Rocha;BA;Bahia;4;46102,0505385194;8,6764036594378844;5,90285600355351114;3,0688031829788045;0,577;;63,2414759458197;53,059318075665573;1,96170014012143867;6,21205044371788873;70,2475478748248;-0,0149265989361223074;-0,48810951099700406;0,0089;0,1492233333333333;Não significativo
2903201;Barreiras;BA;Bahia;36;1291822,0317303585;2,7867615751822283;2,62159512985612908;0,9856644674224742;0,721;;93,9730664508058;75,667819559938181;2,10280373831775691;0,04415335933475605;94,3226138788726;0,0145468466651169307;0,31206116979350174;0,4998;0,4998000000000000;Não significativo
2903235;Barro Alto;BA;Bahia;49;114924,0834427279;42,6368421066581789;40,53508911102230883;15,0804505996847862;0,607;;64,3218197135636;1,095197978096040;0,06318449873631002;0,12636899747262004;62,9949452401011;0,1251802646783619910;0,17934495197872594;0,1709;0,4162507246376812;Não significativo
2903276;Barrocas;BA;Bahia;6;126350,6441042382;4,7486896822227918;3,33544544655452935;1,6795892150467366;0,610;;85,1219043962373;30,312919946246879;0,40314839700518340;0,17277788443079287;93,6648109042043;0,0095869760713347615;0,27978516862611597;0,4693;0,4984820359281438;Não significativo
2903300;Barro Preto;BA;Bahia;0;45728,1251893819;0,0000000000000000;0,33047197832698794;0,0000000000000000;0,602;;85,1471900089206;80,999107939339879;5,53077609277430859;0,98126672613737742;80,2854594112400;0,0229156190554494765;0,22813071186222075;0,3464;0,4866932668329177;Não significativo
2903409;Belmonte;BA;Bahia;1;175076,7777601781;0,5711779784808524;0,65091188431335145;0,2020229656446158;0,598;;66,0146025623364;52,376360380217655;4,28433668549386937;0,26174404187904671;81,6090370574459;0,0357821484912894811;0,37423627674811144;0,3194;0,4790476190476191;Não significativo
2903508;Belo Campo;BA;Bahia;4;143902,3505628366;2,7796627256990871;2,71523593898812310;0,9831536377349164;0,575;;38,0128910548656;1,289105486558717;4,71623958497091689;0,04716239584970917;56,5948750196510;-0,0072902756810381206;-0,14182500735301995;0,1766;0,4190084905660378;Não significativo
2903607;Biritinga;BA;Bahia;7;125656,2796904440;5,5707522276201367;4,17981779335254355;1,9703488724975371;0,538;;77,5475923852184;20,698021649869354;0,01866368047779022;0,11198208286674133;44,6061963419186;0,0037694015711988659;0,38353514973872277;0,3875;0,4866932668329177;Não significativo
2903706;Boa Nova;BA;Bahia;0;105573,8190327055;0,0000000000000000;0,16948313120451786;0,0000000000000000;0,567;;69,3950930626058;31,683587140439933;3,36294416243654792;0,67681895093062605;61,3790186125212;0,0302277312185418520;0,34306619170727937;0,4879;0,4984820359281438;Não significativo
2903805;Boa Vista do Tupim;BA;Bahia;2;142750,6222674621;1,4010446807389298;0,86557041215520014;0,4955429166864860;0,551;;68,5063291139241;4,860759493670886;4,79324894514767941;0,08438818565400844;65,9071729957806;0,0349899957775507559;0,46437217557954269;0,2104;0,4390004065040651;Não significativo
2903904;Bom Jesus da Lapa;BA;Bahia;3;547798,4733845139;0,5476466521465134;0,50555105839664982;0,1937000461506638;0,633;;78,5874707315908;48,650069288478996;1,79672193816600578;0,27237540020069767;73,2833182013667;0,0495043380927734158;0,60264375870205333;0,0013;0,0541692307692308;Não significativo
2903953;Bom Jesus da Serra;BA;Bahia;1;79066,8762899725;1,2647521274681035;1,28653480028581768;0,4473368813622930;0,546;;40,5362776025237;0,157728706624606;5,14195583596214512;0,91482649842271302;39,3375394321767;0,0117011028081550165;0,15297155988642755;0,2737;0,4587622149837134;Não significativo
2904001;Boninal;BA;Bahia;1;113331,9050209574;0,8823640613956676;0,88460709505234880;0,3120880201570243;0,612;;97,4187600829684;0,967964968886840;0,04609356994699240;0,04609356994699240;53,5146347084582;0,0378017178719132207;0,46214278842573325;0,1284;0,3904098837209302;Não significativo
2904050;Bonito;BA;Bahia;11;132062,1624464386;8,3294107836991884;6,93251690616902305;2,9460734341871415;0,561;;88,3059301681138;1,016072418252356;0,35100683539626826;0,00000000000000000;87,9733973766858;-0,0050277625957870524;-0,07819202327349703;0,2147;0,4390004065040651;Não significativo
2904100;Boquira;BA;Bahia;1;164517,8585363234;0,6078367472666883;0,50070195704903697;0,2149889998161225;0,603;;48,9454094292804;4,311414392059553;0,35669975186104219;0,52729528535980152;47,3635235732010;0,0480168660976547021;0,48511676422496131;0,0162;0,1833155555555556;Não significativo
2904209;Botuporã;BA;Bahia;0;85767,8309545036;0,0000000000000000;0,12911715374565638;0,0000000000000000;0,575;;67,7206488864449;31,839428100082483;1,40225460544404723;0,13747594171020072;53,5331317019522;0,0486079891572137393;0,41813603163621216;0,1074;0,3755034722222222;Não significativo
2904308;Brejões;BA;Bahia;0;109587,4677163605;0,0000000000000000;0,22491056218699590;0,0000000000000000;0,597;;70,7064297800338;29,251269035532996;1,33248730964467010;1,79780033840947562;73,4137055837564;-0,1593436766929172688;-1,63311992777475523;0,0499;0,2952905882352941;Não significativo
2904407;Brejolândia;BA;Bahia;1;79432,5213033352;1,2589302008697683;0,32543053452886206;0,4452776932957483;0,592;;48,4952978056426;0,250783699059561;1,34796238244514122;0,00000000000000000;36,1755485893417;0,0519431698015994717;0,51537701526956337;0,0027;0,0798882352941176;Não significativo
2904506;Brotas de Macaúbas;BA;Bahia;0;89486,2950235253;0,0000000000000000;0,50214486057877383;0,0000000000000000;0,570;;67,8974600188147;19,920037629350894;0,14111006585136407;0,00000000000000000;62,6293508936971;0,0344354165251837679;0,39351676274339159;0,3650;0,4866932668329177;Não significativo
2904605;Brumado;BA;Bahia;10;560299,2770470618;1,7847604681381837;1,79693608892303014;0,6312613866828830;0,656;;79,9877725697982;61,422457713470557;2,56368453230079485;0,17118402282453637;77,8968820052986;-0,1366426057433720864;-2,94378184756553152;0,0416;0,2717506493506494;Não significativo
2904704;Buerarema;BA;Bahia;0;133054,4683093538;0,0000000000000000;0,16136049582257284;0,0000000000000000;0,613;;79,9965028851198;71,323657982164718;6,22486448679839111;4,45882147228536496;87,3229585591887;0,0531839798744217565;0,45452269702081910;0,0141;0,1815707317073171;Não significativo
2904753;Buritirama;BA;Bahia;0;164811,0619156741;0,0000000000000000;0,20232175452767998;0,0000000000000000;0,565;;47,2372881355932;6,627118644067796;0,20338983050847459;0,00000000000000000;43,4745762711864;0,0542509612008739844;0,39657204414659958;0,0111;0,1595228571428572;Não significativo
2904803;Caatiba;BA;Bahia;0;51292,4927387519;0,0000000000000000;0,48809804231842824;0,0000000000000000;0,561;;69,6091954022989;69,333333333333343;4,64367816091954033;1,47126436781609193;74,0689655172414;-0,0167016835709186059;-0,16875461037612102;0,1648;0,4142352941176471;Não significativo
2904852;Cabaceiras do Paraguaçu;BA;Bahia;1;142845,2855247507;0,7000581057515758;0,84931398552640880;0,2476072607414547;0,581;;82,2012699634405;6,638445256878970;1,09678660765826441;0,07696748123917645;54,9355397344622;0,0225423425857033642;0,31352567671503589;0,4378;0,4984820359281438;Não significativo
2904902;Cachoeira;BA;Bahia;3;254747,9339476740;1,1776346734243617;1,22863812409873652;0,4165238474422271;0,647;;69,0800522485538;52,631087889531628;0,70908751632767308;1,11028176898675124;81,6197051688748;0,0321145442190171951;0,40690959144010569;0,2537;0,4482877192982456;Não significativo
2905008;Caculé;BA;Bahia;8;184764,6378904398;4,3298328572720584;4,39424570673060266;1,5314415252809421;0,637;;90,3155742941101;17,056343426600229;1,32873386993739628;0,20442059537498403;70,6017631276351;0,0012509332159650929;0,24634891626066621;0,3563;0,4866932668329177;Não significativo
2905107;Caém;BA;Bahia;0;78956,0905254290;0,0000000000000000;1,20842357697324454;0,0000000000000000;0,546;;74,3265993265993;14,085297418630752;2,80583613916947261;0,30864197530864196;68,3221099887767;0,0290865091752711691;0,35707045433465240;0,3811;0,4866932668329177;Não significativo
2905156;Caetanos;BA;Bahia;3;104925,3986927185;2,8591742679822580;3,03073079922326638;1,0112764964238075;0,542;;30,8006535947712;14,351851851851851;20,17973856209150441;3,05010893246187376;32,9793028322440;-0,1661720380050014378;-4,92265046726932187;0,0136;0,1800210526315789;Não significativo
2905206;Caetité;BA;Bahia;36;418691,6258691369;8,5982135241586821;8,26581598544604645;3,0411476997347355;0,625;;71,4285714285714;36,019923024677382;0,93955173194475894;1,44328729907176800;64,8856690061127;-0,0307507539915370283;-0,52878498250349182;0,2380;0,4479010600706714;Não significativo
2905305;Cafarnaum;BA;Bahia;1;145203,1879990044;0,6886901133374955;2,40035645890224281;0,2435864552702316;0,584;;77,5197798417613;4,901960784313726;0,00000000000000000;0,12039903680770554;76,6253869969040;-0,0095522006063397651;-0,19500844303572118;0,1639;0,4142352941176471;Não significativo
2905404;Cairu;BA;Bahia;18;146126,8743373126;12,3180626983436490;12,16099531758522545;4,3568408640935132;0,627;;84,4658708295072;35,935108662381388;2,86195286195286203;7,65228037955310736;95,7912457912458;-0,0760952587743366771;-0,33016649697334882;0,2504;0,4479010600706714;Não significativo
2905503;Caldeirão Grande;BA;Bahia;1;106993,7837607252;0,9346337374480962;0,81112024418672424;0,3305755588353891;0,573;;90,2564102564103;15,617715617715620;0,25641025641025639;0,06993006993006994;69,7435897435897;0,0368423156414854694;0,31304396970427084;0,3240;0,4805129411764706;Não significativo
2905602;Camacan;BA;Bahia;2;218472,3272354727;0,9154477481463227;1,30181328071688807;0,3237895646206277;0,581;;82,2755791505791;70,294401544401538;6,00868725868725839;4,62113899613899548;89,2495173745174;0,0027506847877920371;0,02569742839994956;0,2398;0,4479010600706714;Não significativo
2905701;Camaçari;BA;Bahia;10;2457504,0087154591;0,4069169354163948;0,42053011872694057;0,1439246069718609;0,694;;95,2213773783971;68,020336886528170;0,04638556408484011;1,60985193000327431;96,0226652599411;0,0414221741092795498;0,37911893767939825;0,2423;0,4479010600706714;Não significativo
2905800;Camamu;BA;Bahia;1;266443,1486417790;0,3753145859060747;0,32714922471772562;0,1327470045257845;0,565;;63,7400555928304;35,972395284194377;4,46659637688105082;9,95878462570689216;73,2483465925429;0,0494539891420029201;0,37927623300720636;0,0628;0,3127564356435643;Não significativo
2905909;Campo Alegre de Lourdes;BA;Bahia;0;242361,4573303954;0,0000000000000000;0,23222726088684884;0,0000000000000000;0,557;;26,2855444367383;0,435945704944021;2,71475279896958277;0,00000000000000000;26,0675715842663;0,0532154962732703934;0,33125214567921291;0,0561;0,3100912087912088;Não significativo
2906006;Campo Formoso;BA;Bahia;42;579856,3558954054;7,2431731709044103;6,89716462852399559;2,5618762973941909;0,586;;67,7522954667106;14,365710050644379;0,32939432618273151;0,36233375880100466;71,5197430724256;-0,0194893157576407038;-0,46258819689147601;0,2820;0,4590485436893204;Não significativo
2906105;Canápolis;BA;Bahia;1;80721,7029332702;1,2388242116580035;0,89701063295592598;0,4381662994381234;0,565;;58,9355911702449;28,364076201995768;1,84457211974599322;0,21167221046265497;50,8013305110372;0,0446865218068888820;0,39356554954108502;0,0303;0,2397109375000000;Não significativo
2906204;Canarana;BA;Bahia;23;203785,3841963973;11,2863835111127724;11,18810977122650918;3,9919407859207765;0,587;;85,5370905587669;2,324181117533719;0,02408477842003854;0,10838150289017340;74,1209055876686;0,0898925584986528248;0,63921042857596266;0,1201;0,3882128205128205;Não significativo
2906303;Canavieiras;BA;Bahia;2;258948,7203223858;0,7723536913061557;0,97335380243629133;0,2731778694606421;0,590;;65,9749642947156;52,633789800890526;4,12501050155422977;2,20952700999747975;80,0386457195665;0,0123406344994007166;0,13476072553733751;0,2560;0,4486689895470383;Não significativo
2906402;Candeal;BA;Bahia;0;64436,8836077797;0,0000000000000000;0,27740570123469621;0,0000000000000000;0,587;;66,2220620043259;0,396539293439077;0,64888248017303529;0,18024513338139869;64,7801009372747;0,0311675887916528088;0,30115229918934433;0,4778;0,4984820359281438;Não significativo
2906501;Candeias;BA;Bahia;2;645070,1309412837;0,3100438082726925;0,33362279475478951;0,1096610373417955;0,691;;95,9948564729019;73,491925418857079;0,02647403653417042;2,63605763775953994;93,7559093831549;0,0357551854072150552;0,34914249071839293;0,4086;0,4891527058823530;Não significativo
2906600;Candiba;BA;Bahia;0;110446,9182613404;0,0000000000000000;0,27298603034209334;0,0000000000000000;0,591;;67,6267023889261;0,781424425094887;0,51350747934806873;0,13395847287340923;60,5938825630721;0,0293492044258993647;0,21137268076920274;0,3731;0,4866932668329177;Não significativo
2906709;Cândido Sales;BA;Bahia;4;204524,8269559762;1,9557527853872709;1,97413025241007856;0,6917405653882357;0,601;;77,1766029246344;7,412823397075366;0,79865016872890882;0,53993250843644547;76,5466816647919;-0,0492121162647665630;-0,67843205448809096;0,0909;0,3636190839694657;Não significativo
2906808;Cansanção;BA;Bahia;0;294631,9453654473;0,0000000000000000;0,36315135862662096;0,0000000000000000;0,557;;71,3489759083418;31,986188495644669;5,29702581809620998;0,28250804363179782;58,4713175861257;0,0424064511964573898;0,50060729323171893;0,1297;0,3904098837209302;Não significativo
2906824;Canudos;BA;Bahia;0;132846,1327447158;0,0000000000000000;0,21031572061130013;0,0000000000000000;0,562;;69,3169298567756;25,100991553433712;2,57069408740359906;0,05508630187293427;67,6276165993390;0,0506566019434371712;0,60709258293180612;0,0063;0,1173666666666667;Não significativo
2906857;Capela do Alto Alegre;BA;Bahia;0;90242,3907068888;0,0000000000000000;1,07918967442262681;0,0000000000000000;0,599;;81,9911812485496;39,568345323741006;0,41773033186354142;0,62659549779531210;82,1072174518450;0,0246286978536384704;0,34464270208134928;0,4930;0,4984820359281438;Não significativo
2906873;Capim Grosso;BA;Bahia;2;261146,9925621759;0,7658522046827035;0,99535958479866971;0,2708783242081063;0,621;;93,9004554326610;11,784320104098894;0,47983083929733245;0,17891997397527651;88,5165907612232;0,0305712894200105903;0,35668616464701641;0,3923;0,4867264705882353;Não significativo
2906899;Caraíbas;BA;Bahia;8;76075,7325937466;10,5158369525285309;10,72038626465784006;3,7194020908077974;0,555;;36,6956521739130;6,782608695652175;29,79710144927536675;0,14492753623188406;33,6231884057971;0,6231811228342509779;4,91412735303598236;0,0128;0,1740108108108108;Não significativo
2906907;Caravelas;BA;Bahia;2;172306,9812458054;1,1607190756518972;1,18082152593466461;0,4105408800373321;0,616;;79,3433083956775;29,731227486838456;1,49625935162094770;0,74812967581047385;80,8811305070657;-0,0203525717406916849;-0,26096123703999424;0,1595;0,4142352941176471;Não significativo
2907004;Cardeal da Silva;BA;Bahia;1;71406,4357384168;1,4004339940216315;0,73590285792066068;0,4953269196656687;0,552;;76,2123893805310;4,318584070796460;1,20353982300884965;0,21238938053097348;78,9380530973451;0,0414446978255586795;0,28100146264949699;0,2554;0,4486689895470383;Não significativo
2907103;Carinhanha;BA;Bahia;0;235466,4277120266;0,0000000000000000;0,11155810929715912;0,0000000000000000;0,576;;72,6784178847807;32,674118658641440;1,64445399828030969;0,00000000000000000;65,6599312123818;0,0372520243506720763;0,38180254188886986;0,3844;0,4866932668329177;Não significativo
2907202;Casa Nova;BA;Bahia;0;586930,9916201114;0,0000000000000000;0,05317879828971459;0,0000000000000000;0,570;;63,8685975479516;36,819172113289760;4,42564825494467939;0,06407791874919902;64,3342304241958;0,0502217654663975194;0,36190919826258411;0,1317;0,3904098837209302;Não significativo
2907301;Castro Alves;BA;Bahia;26;205901,6299346935;12,6273891120951784;11,88275609794525067;4,4662481623659414;0,613;;89,1683896163565;60,429588789340684;1,60808637721111891;0,14932230645531816;65,8281644842637;-0,0587082237601260631;-0,39684411262693831;0,3805;0,4866932668329177;Não significativo
2907400;Catolândia;BA;Bahia;2;28407,4324675303;7,0404109990792056;2,58981410888456809;2,4901602704884995;0,582;;65,2715939447907;2,048085485307213;15,85040071237756010;0,35618878005342830;39,7150489759573;0,0160512858008449409;0,31046288367594221;0,4804;0,4984820359281438;Não significativo
2907509;Catu;BA;Bahia;4;416870,2751722046;0,9595311151287157;0,98302180235485392;0,3393816442681478;0,677;;90,0895979020979;73,087849650349639;0,04370629370629370;1,46416083916083917;89,4066870629371;0,0293720246105313061;0,36830021484701092;0,4087;0,4891527058823530;Não significativo
2907558;Caturama;BA;Bahia;1;73328,9546617993;1,3637177900763804;0,69913716957327166;0,4823405709483032;0,571;;61,4593698175788;21,592039800995025;2,35489220563847423;0,03316749585406302;44,2454394693201;0,0453120428525245825;0,48520584387063187;0,0200;0,1957127272727272;Não significativo
2907608;Central;BA;Bahia;2;135731,6096537817;1,4734961186281617;2,65304981390925088;0,5211686496437135;0,596;;92,9619280475026;0,943066713237862;0,01746419839329375;0,00000000000000000;82,3611596227733;0,0149950151990964724;0,35723946262743339;0,4617;0,4984820359281438;Não significativo
2907707;Chorrochó;BA;Bahia;2;87945,5760169366;2,2741337206260828;1,07934926931258546;0,8043504053416634;0,600;;62,0099564405725;31,922837585563162;1,21344119477286871;0,21779713752333543;51,7734909769757;0,0427637126632327141;0,56073455589050070;0,0018;0,0646714285714286;Não significativo
2907806;Cícero Dantas;BA;Bahia;4;258130,1690305800;1,5496057725535097;1,29099521780415416;0,5480882764141276;0,585;;82,5394105551748;52,064770390678547;0,12851267991775189;0,11137765592871832;81,1000685400960;0,0299246029662646462;0,45264062544676942;0,2598;0,4520062068965517;Não significativo
2907905;Cipó;BA;Bahia;5;139622,3816273349;3,5810877466232207;3,15320879882641369;1,2666138998050855;0,601;;82,0521800035020;1,523375941166171;0,03502013657853266;0,08755034144633164;77,6571528628962;0,0104153643450466717;0,29656820247866522;0,4682;0,4984820359281438;Não significativo
2908002;Coaraci;BA;Bahia;2;137178,2220366549;1,4579573712987677;1,28631490458052378;0,5156726677673888;0,613;;86,5635790421859;85,332532652754850;1,87659510583996392;4,24861131962167882;92,3134664464795;0,0268790799750134798;0,39721073185543260;0,3827;0,4866932668329177;Não significativo
2908101;Cocos;BA;Bahia;20;153479,1541495877;13,0310856290666646;13,89551188953686633;4,6090337224743587;0,596;;65,9094519459889;1,270849880857824;23,06592533756949948;0,17474185861795077;56,6163621922160;0,4581219676304714161;2,50508399130333315;0,0305;0,2397109375000000;Não significativo
2908200;Conceição da Feira;BA;Bahia;3;175642,6120217874;1,7080137703872615;1,89234846327590311;0,6041164405063700;0,634;;86,7542972699697;8,782319803553374;0,15889065434060379;0,20222446916076847;87,1587462082912;0,0164761927307895198;0,23637869275947082;0,3880;0,4866932668329177;Não significativo
2908309;Conceição do Almeida;BA;Bahia;0;132930,8108570248;0,0000000000000000;0,72921155109356295;0,0000000000000000;0,606;;58,9310584958217;11,263927576601672;0,00000000000000000;0,20891364902506965;70,6998607242340;0,0033554735531139092;0,05618743791244622;0,2515;0,4479010600706714;Não significativo
2908408;Conceição do Coité;BA;Bahia;10;547500,5995545560;1,8264820181267301;1,83114552226654737;0,6460181027635586;0,611;;83,9618765918988;33,127927039684494;0,20129816777586068;0,06162188809465122;87,7742174020212;0,0179379032198560689;0,32379102896728079;0,4600;0,4984820359281438;Não significativo
2908507;Conceição do Jacuípe;BA;Bahia;3;279773,3208719292;1,0722966688354458;1,26749150470626382;0,3792662904566817;0,663;;51,7327505463628;6,080237277552294;0,00780518264127381;0,09366219169528567;95,9959413050265;0,0295534664414006179;0,32816155487788667;0,3826;0,4866932668329177;Não significativo
2908606;Conde;BA;Bahia;3;200313,8368406759;1,4976499114168118;1,70686392295723577;0,5297117325960831;0,560;;67,9036458333333;16,223958333333332;5,57291666666666696;0,13020833333333331;76,1848958333333;0,0136297253435439889;0,15693057717150477;0,2796;0,4587622149837134;Não significativo
2908705;Condeúba;BA;Bahia;5;138358,0624782235;3,6138118086085247;3,76451421265295094;1,2781882466799290;0,582;;74,8085106382979;5,140425531914894;5,36170212765957466;0,06808510638297872;49,0723404255319;-0,0158138964043734662;-0,98111415715242234;0,0923;0,3636190839694657;Não significativo
2908804;Contendas do Sincorá;BA;Bahia;0;33954,8015144642;0,0000000000000000;0,24111904684594668;0,0000000000000000;0,577;;67,8524374176548;0,790513833992095;13,83399209486166015;0,13175230566534915;67,6548089591568;0,0141149510743994715;0,13804538228258723;0,2652;0,4537265306122449;Não significativo
2908903;Coração de Maria;BA;Bahia;7;201031,8405180339;3,4820354735657171;1,93305993583277758;1,2315795765103752;0,592;;42,7451858486341;2,630989699955217;0,10076130765785939;0,02239140170174653;49,7648902821317;0,0233728246809369877;0,40211713760153994;0,3300;0,4814220289855072;Não significativo
2909000;Cordeiros;BA;Bahia;18;65218,7309856044;27,5994330585382244;26,49605679162034022;9,7617897164479999;0,579;;70,4433497536946;4,926108374384237;5,03978779840848823;0,00000000000000000;46,1538461538462;0,8248832267212797831;1,18413451150570159;0,0618;0,3108540000000000;Não significativo
2909109;Coribe;BA;Bahia;3;113833,0258347745;2,6354390371335801;2,64380092988688409;0,9321423971445443;0,600;;81,7087845968712;0,581628559967910;5,05415162454873634;0,00000000000000000;66,1452065784196;0,0098690952950967331;0,21650964157060920;0,3302;0,4814220289855072;Não significativo
2909208;Coronel João Sá;BA;Bahia;7;132531,4192305809;5,2817664223615193;4,04256678107205758;1,8681359518194329;0,535;;57,1025555924328;35,097909060736811;1,55990706936608037;0,04978426817125788;60,4215068038500;0,0027875875292678078;0,17729031453883862;0,3085;0,4772403030303030;Não significativo
2909307;Correntina;BA;Bahia;2;262860,8732095944;0,7608587674458810;0,87348220489699380;0,2691121689336572;0,603;;67,4233020039014;8,716084412129810;28,34722468522787864;0,24827097003014717;61,3672636992374;0,0399312038394659813;0,34823742458034013;0,1790;0,4227089201877934;Não significativo
2909406;Cotegipe;BA;Bahia;0;108366,9238653025;0,0000000000000000;0,09460657231759186;0,0000000000000000;0,590;;66,8782588982090;0,317388347313534;10,58716844253003941;0,11335298118340513;55,9283609158921;0,0486441708523162805;0,50720521845764532;0,0599;0,3108540000000000;Não significativo
2909505;Cravolândia;BA;Bahia;1;39285,2255767378;2,5454862109590017;3,41338273737216102;0,9003265054320591;0,599;;80,8523780111180;61,334156886967264;2,03829524397776396;6,42371834465719616;83,3230389129092;-0,0568119684275054659;-1,83189311566455326;0,0407;0,2706934210526316;Não significativo
2909604;Crisópolis;BA;Bahia;1;164976,6478705202;0,6061463927821089;0,70704688730671283;0,2143911293819828;0,543;;76,9431833814830;1,623331957628284;0,11005640390700233;0,01375705048837529;68,5926537350392;0,0414463411102228146;0,48998389839624229;0,0792;0,3472886956521739;Não significativo
2909703;Cristópolis;BA;Bahia;1;113017,1193244601;0,8848217030988967;0,54142660958802769;0,3129572764730657;0,614;;76,2566844919786;0,342245989304813;0,00000000000000000;0,00000000000000000;49,7112299465241;0,0450116710859950753;0,46867353756594954;0,0550;0,3100912087912088;Não significativo
2909802;Cruz das Almas;BA;Bahia;3;502260,0045580401;0,5973001976615334;0,69604584222835453;0,2112622717574595;0,699;;86,5276627082758;55,095277547638780;0,01841112031667127;0,07824726134585290;92,4974684709565;0,0294361350542103502;0,34483507577097106;0,4647;0,4984820359281438;Não significativo
2909901;Curaçá;BA;Bahia;0;280456,4280069654;0,0000000000000000;0,10765483768929421;0,0000000000000000;0,581;;77,2419928825623;36,218861209964416;1,95729537366548034;0,08896797153024910;59,7775800711744;0,0488107273306505052;0,45112231438215528;0,0778;0,3472886956521739;Não significativo
2910008;Dário Meira;BA;Bahia;0;86412,1434820835;0,0000000000000000;0,57519003010495207;0,0000000000000000;0,540;;66,0427102557342;52,333245452148688;2,66279989454257837;11,73213814922225140;69,2591616134985;0,0469684103520833438;0,54460184445853310;0,0109;0,1595228571428572;Não significativo
2910057;Dias D'ávila;BA;Bahia;1;621992,2777992466;0,1607737002038406;0,24110670404938256;0,0568649018983968;0,676;;92,1978957140647;57,136778585796065;0,08123162617979267;1,38480581773170353;91,3004796534117;0,0318246373338927011;0,30840720611074079;0,4799;0,4984820359281438;Não significativo
2910107;Dom Basílio;BA;Bahia;8;97491,6333553357;8,2058323618825284;8,06163335735086584;2,9023643273838928;0,591;;64,7276573241671;3,331570597567425;12,03067160232681232;0,23796932839767318;66,1819143310418;-0,0373916677482035581;-0,34575852718445038;0,1305;0,3904098837209302;Não significativo
2910206;Dom Macedo Costa;BA;Bahia;2;34344,5893741813;5,8233335627052503;3,73547016847771518;2,0596857032277538;0,632;;76,6320927394753;7,016473459426479;0,00000000000000000;0,18303843807199513;64,1854789505796;0,0049791559386165142;0,17458697326710909;0,3156;0,4790476190476191;Não significativo
2910305;Elísio Medrado;BA;Bahia;0;64374,9516127557;0,0000000000000000;0,00185164412876466;0,0000000000000000;0,623;;73,8095238095238;0,603621730382294;0,36887994634473509;0,06706908115358820;77,4647887323944;0,0485468835374701993;0,40639507153291937;0,1496;0,4045634408602151;Não significativo
2910404;Encruzilhada;BA;Bahia;43;144370,8148283052;29,7844131801419145;28,78149488557613367;10,5346069129634099;0,544;;65,2077480408103;44,137217211296765;3,04598550938932400;3,88880674256986536;68,7416826851989;-0,2423729487497997825;-0,37626403199204023;0,2075;0,4384483333333333;Não significativo
2910503;Entre Rios;BA;Bahia;1;324228,5677842164;0,3084243954300564;0,46365464165700387;0,1090882586328851;0,615;;73,6380255941499;9,696526508226691;0,73126142595978061;0,13893967093235832;84,9213893967093;0,0433895773527274986;0,55866442909005998;0,0561;0,3100912087912088;Não significativo
2910602;Esplanada;BA;Bahia;3;283802,4991564313;1,0570731437944128;1,17942207252517717;0,3738818012217598;0,589;;79,1851441241685;1,579822616407982;1,58906134515890618;0,00923872875092387;86,4005912786401;0,0339201130721053026;0,45674367230042306;0,1672;0,4142352941176471;Não significativo
2910701;Euclides da Cunha;BA;Bahia;1;496150,5406918459;0,2015517303690877;0,41218038168040411;0,0712878994534487;0,567;;74,9861878453039;20,598526703499079;0,06906077348066297;0,33609576427255983;83,0064456721915;0,0441876762066816461;0,48225236628342161;0,0926;0,3636190839694657;Não significativo
2910727;Eunápolis;BA;Bahia;1;927809,0627055356;0,1077807967389273;0,18297508003545046;0,0381215610844275;0,677;;85,7267125770207;30,022955176996497;0,56783858886069838;3,87096774193548399;94,3675244653860;0,0436295939383375339;0,48525364181783837;0,1439;0,4021205555555555;Não significativo
2910750;Fátima;BA;Bahia;5;144160,7347340384;3,4683508024736991;2,60533598311644488;1,2267393726824307;0,559;;90,4278782531981;42,670195559476547;0,39700044111160121;0,16174092045287458;89,3398029701515;0,0119777824810158116;0,22720137329360834;0,3622;0,4866932668329177;Não significativo
2910776;Feira da Mata;BA;Bahia;0;45664,1786247681;0,0000000000000000;0,14461982147365343;0,0000000000000000;0,588;;70,4453441295547;0,202429149797571;6,78137651821862342;0,00000000000000000;62,0445344129555;-0,0059401825092964622;-0,07249799249986173;0,1819;0,4235912037037037;Não significativo
2910800;Feira de Santana;BA;Bahia;64;5040296,1338750646;1,2697666625154369;1,27433399772851530;0,4491104988331303;0,712;;89,3317448283331;64,625979277230229;0,04422542330048016;0,75724755406332356;96,0630347665981;0,0240995170887902677;0,45138910183718195;0,4035;0,4890614457831326;Não significativo
2910859;Filadélfia;BA;Bahia;0;138784,8671835882;0,0000000000000000;0,79303236442320946;0,0000000000000000;0,565;;82,0246913580247;23,193415637860081;1,23456790123456783;0,46090534979423869;76,4773662551440;0,0350449543185512372;0,39431349953391270;0,3031;0,4734760869565217;Não significativo
2910909;Firmino Alves;BA;Bahia;0;42302,0523382528;0,0000000000000000;0,32392197017336666;0,0000000000000000;0,578;;95,3333333333333;83,444444444444443;0,50000000000000000;7,77777777777777768;93,1666666666667;0,0384627100205297764;0,33261315998140473;0,3655;0,4866932668329177;Não significativo
2911006;Floresta Azul;BA;Bahia;2;87619,8700765899;2,2825872695905254;2,65075127294195045;0,8073403858667546;0,557;;78,9228379078198;69,212843086483687;10,15018125323666531;6,62868979803210756;76,7736923873641;0,0062718483370658639;0,11759007180016984;0,2540;0,4482877192982456;Não significativo
2911105;Formosa do Rio Preto;BA;Bahia;2;210406,1365526165;0,9505426185608696;0,86439879261395391;0,3362024552907430;0,618;;71,5092024539877;7,509202453987730;5,80368098159509227;0,09815950920245399;76,9938650306748;0,0400929989658669744;0,28903220941645480;0,2503;0,4479010600706714;Não significativo
2911204;Gandu;BA;Bahia;1;263192,2851770059;0,3799503466932800;0,39551112072276540;0,1343866513215890;0,632;;80,3916624642797;67,876954109934445;0,37821482602118006;10,46394351991931337;85,8631702807194;0,0381691437148000551;0,38478257852882236;0,3120;0,4772403030303030;Não significativo
2911253;Gavião;BA;Bahia;3;35575,0004518753;8,4328881571155705;4,44726201529964005;2,9826728946745593;0,599;;74,1566265060241;4,518072289156627;7,71084337349397675;0,48192771084337355;68,2530120481928;0,0015836086038322219;0,35271185943262146;0,4007;0,4887847826086957;Não significativo
2911303;Gentio do Ouro;BA;Bahia;0;89476,8784314135;0,0000000000000000;0,02975740906261532;0,0000000000000000;0,559;;72,9389208436045;16,050397151465351;0,00000000000000000;0,00000000000000000;56,4228978362093;0,0486124743754792199;0,45442827028557953;0,0995;0,3655862318840580;Não significativo
2911402;Glória;BA;Bahia;5;124408,6236977208;4,0190139970912648;2,64678411653182755;1,4215063557230911;0,593;;74,4452662721893;23,261834319526628;4,19748520710059125;0,25887573964497046;82,7847633136095;0,0230053671671922935;0,31343058609186064;0,1164;0,3877430463576159;Não significativo
2911501;Gongogi;BA;Bahia;0;50402,9967631711;0,0000000000000000;0,43583830343681601;0,0000000000000000;0,576;;73,1621349446123;70,191339375629397;8,71097683786505605;5,23665659617321300;86,6565961732125;0,0373573515987484506;0,40848062414905933;0,2982;0,4702025078369906;Não significativo
2911600;Governador Mangabeira;BA;Bahia;1;167191,5018550330;0,5981165244074855;0,65613284315037834;0,2115510026896129;0,643;;67,6428571428571;1,185714285714286;0,18571428571428572;0,01428571428571429;64,4428571428572;0,0406911258344773985;0,38842944728305762;0,1872;0,4248310810810811;Não significativo
2911659;Guajeru;BA;Bahia;0;59782,0295562938;0,0000000000000000;0,14249480714662688;0,0000000000000000;0,569;;58,9891696750902;0,433212996389892;7,25631768953068601;0,00000000000000000;31,3718411552347;0,0251758784503149646;0,26642788491458474;0,3855;0,4866932668329177;Não significativo
2911709;Guanambi;BA;Bahia;5;703548,9264183410;0,7106826280660008;0,78710934562474844;0,2513651043337904;0,673;;85,8751110964811;60,423318739919019;0,79989466407715848;0,22054708844925769;83,6005135126238;0,0209722831881313555;0,25586515925732745;0,3769;0,4866932668329177;Não significativo
2911808;Guaratinga;BA;Bahia;3;160319,2383730324;1,8712663747937537;1,88742715689705198;0,6618581191668900;0,558;;65,4334621755936;52,733296521258978;4,19657647708448334;4,91441192711209229;67,5731639977913;-0,0521847088435390058;-0,83926083776958726;0,1040;0,3683943661971831;Não significativo
2911857;Heliópolis;BA;Bahia;4;103163,7347441920;3,8773315156905892;1,98563360577907311;1,3713939281596532;0,563;;68,0062513954008;10,337128823398080;0,06697923643670461;0,04465282429113641;73,5208751953561;0,0213562935263991518;0,31794589691938030;0,4556;0,4984820359281438;Não significativo
2911907;Iaçu;BA;Bahia;1;197094,3613143239;0,5073711867409596;0,89632404813343003;0,1794548033883505;0,574;;83,1223628691983;35,409726848767484;2,84254941150344198;0,47745947146346884;81,3568731956474;0,0281984682906967314;0,42637220986242053;0,3943;0,4867264705882353;Não significativo
2912004;Ibiassucê;BA;Bahia;0;79050,2533491886;0,0000000000000000;1,26975158444648772;0,0000000000000000;0,611;;62,5601812517700;0,509770603228547;5,43755310110450285;0,00000000000000000;63,8346077598414;0,0096960515303586257;0,10757603481305514;0,2354;0,4479010600706714;Não significativo
2912103;Ibicaraí;BA;Bahia;7;174090,8686558467;4,0208886623674802;4,05633143117293393;1,4221694160177112;0,625;;94,4932066851028;69,195623421906944;1,71936996513165807;14,47637369243717842;93,5072742575448;0,0014756749298449545;0,11235330488674505;0,2419;0,4479010600706714;Não significativo
2912202;Ibicoara;BA;Bahia;4;164227,6788229842;2,4356430223381982;3,00346064387110046;0,8614754860351697;0,591;;56,5364277320799;18,463572267920096;1,90951821386603982;0,29377203290246767;92,7732079905993;0,0094207924242066948;0,24876012527755223;0,3771;0,4866932668329177;Não significativo
2912301;Ibicuí;BA;Bahia;0;121474,7748760294;0,0000000000000000;0,21496231583416966;0,0000000000000000;0,584;;81,1253293187806;68,912307113285664;4,32818968761761358;3,87655250282273256;81,8780579601054;0,0395647379551045883;0,56635921585670534;0,1680;0,4142352941176471;Não significativo
2912400;Ibipeba;BA;Bahia;0;140776,4570595712;0,0000000000000000;0,21737976364658637;0,0000000000000000;0,616;;84,4646846537206;1,031105000859254;0,32651658360543045;0,03437016669530847;77,3156899810964;-0,0311836596535050477;-0,33559088438789225;0,1656;0,4142352941176471;Não significativo
2912509;Ibipitanga;BA;Bahia;1;116277,6792978830;0,8600102840358345;0,51939041622167292;0,3041815941992099;0,584;;58,2754994742376;1,177707676130389;5,38380651945320654;0,12618296529968456;52,8916929547844;0,0473796280349194979;0,48734006633649268;0,0211;0,1957127272727272;Não significativo
2912608;Ibiquera;BA;Bahia;0;31355,5852721503;0,0000000000000000;1,59340536865983640;0,0000000000000000;0,511;;77,6049766718507;4,898911353032660;0,07776049766718507;0,00000000000000000;68,6625194401244;0,0261697649307485770;0,32408422513916213;0,4116;0,4891527058823530;Não significativo
2912707;Ibirapitanga;BA;Bahia;1;198668,9166313567;0,5033500040952887;0,55546455159958241;0,1780325299918205;0,558;;60,3062567292738;50,185428879052516;2,24907285560473724;7,15396578538102634;63,1654504127288;0,0444028659572765494;0,62509392742038405;0,0159;0,1833155555555556;Não significativo
2912806;Ibirapuã;BA;Bahia;22;71175,6853184759;30,9094319240635258;28,85090625206251858;10,9325207535097757;0,614;;62,1621621621622;50,450450450450447;1,42901522211867049;0,99409754582168375;73,7496116806462;-0,1087901590624681669;-0,16357244597399548;0,2819;0,4590485436893204;Não significativo
2912905;Ibirataia;BA;Bahia;0;137055,2735424028;0,0000000000000000;0,19740847490650248;0,0000000000000000;0,576;;76,3489078547664;68,465210473021841;2,69058295964125582;12,17995081730073714;82,3810212642847;0,0350635243779844757;0,37699829568047544;0,4133;0,4891527058823530;Não significativo
2913002;Ibitiara;BA;Bahia;1;125072,9794584987;0,7995332039977640;0,75288081687481989;0,2827911353175264;0,585;;67,9119150609516;8,297286669288242;3,53912701533621732;0,01966181675186787;45,2615021627998;0,0428455903400102450;0,55674013512135045;0,0227;0,2038946428571429;Não significativo
2913101;Ibititá;BA;Bahia;2;137622,8854785312;1,4532466697277573;1,70916776632797429;0,5140065147686801;0,602;;95,2856904880893;2,098950524737631;0,00000000000000000;0,11660836248542396;87,6228552390472;-0,0330172773990421858;-0,55919271508986834;0,1430;0,4018379888268156;Não significativo
2913200;Ibotirama;BA;Bahia;0;216534,9197396975;0,0000000000000000;0,23298258377178907;0,0000000000000000;0,636;;85,4925112058598;64,939324368645458;2,23023942276156095;0,06559527714004591;80,7805837979665;0,0490074225726727306;0,46926517149765745;0,0471;0,2854373493975904;Não significativo
2913309;Ichu;BA;Bahia;5;50186,4958541603;9,9628394349941694;6,09863615044041563;3,5238094687260837;0,631;;89,3695352047860;4,187758858720662;0,00000000000000000;0,04601932811780948;90,3359410952600;-0,0147229960421903297;-0,39002895472621235;0,2040;0,4384483333333333;Não significativo
2913408;Igaporã;BA;Bahia;1;126008,8588527107;0,7935949972921195;1,04500825141379639;0,2806908195237072;0,614;;80,3520261972984;44,453540728612360;0,18419975440032746;0,00000000000000000;56,6516577977896;0,0257613602296313630;0,30578211688484003;0,4850;0,4984820359281438;Não significativo
2913457;Igrapiúna;BA;Bahia;0;106165,1680901089;0,0000000000000000;0,20984842422125041;0,0000000000000000;0,574;;50,0446030330062;23,684210526315788;5,04014272970561983;12,55575379125780699;55,6199821587868;0,0442036447612531719;0,38079811275161668;0,2184;0,4411855421686747;Não significativo
2913507;Iguaí;BA;Bahia;2;194597,0502004674;1,0277648083255460;1,01665656129755155;0,3635155807570361;0,552;;65,6646962646208;60,118224122751855;6,23820903031065299;6,09986165262231150;70,7583951704188;0,0395503993568180681;0,46650528220218007;0,0578;0,3108540000000000;Não significativo
2913606;Ilhéus;BA;Bahia;6;1385324,2392918747;0,4331116015891683;0,39717677563105547;0,1531895372452044;0,690;;82,3987024299402;65,375604481422528;2,37287117412068582;4,43636800528639696;89,6584867689905;0,0484007800734662028;0,62183215114440960;0,0042;0,0918521739130435;Não significativo
2913705;Inhambupe;BA;Bahia;0;299639,1673313093;0,0000000000000000;0,07518387675524142;0,0000000000000000;0,565;;83,2620144832126;35,121790651744568;0,07406188281764318;0,41145490454246220;68,8446346280448;0,0519308509489303932;0,61063358317596694;0,0055;0,1106600000000000;Não significativo
2913804;Ipecaetá;BA;Bahia;5;113369,3655335392;4,4103625141315614;2,58784898256681428;1,5599244863089039;0,550;;67,2842515845929;2,852267186738177;0,17064846416382254;0,34129692832764508;39,1272549975622;0,0190350982681359859;0,43715036837271354;0,2396;0,4479010600706714;Não significativo
2913903;Ipiaú;BA;Bahia;2;350825,7539839348;0,5700835749052748;0,61102188454991357;0,2016358802451782;0,670;;90,5207842080442;78,683554537492412;1,13184666172606629;8,05767028228794757;94,2868692312875;0,0338655137191882921;0,42421283463546539;0,3182;0,4790476190476191;Não significativo
2914000;Ipirá;BA;Bahia;4;471493,7235516518;0,8483676028323214;0,87322371382205732;0,3000636325945900;0,549;;72,4466229909978;53,631521892821802;0,63156902483857280;0,65984823490597166;70,2314182023849;0,0352193509829441670;0,56616915139153079;0,1334;0,3904098837209302;Não significativo
2914109;Ipupiara;BA;Bahia;2;80273,6891310301;2,4914763749494750;2,36430484417411124;0,8812234803580811;0,590;;83,3849619825401;43,424387496479866;0,95747676710785690;0,02816108138552520;75,4716981132076;0,0222225610370326669;0,36832105213390515;0,2520;0,4479010600706714;Não significativo
2914208;Irajuba;BA;Bahia;2;53842,5201335164;3,7145363832162501;3,61836839556395340;1,3138140551707709;0,576;;66,8188041989959;0,912825193975354;0,27384755819260614;1,04974897307165671;80,2829758101324;0,0104737384207191173;0,44094960721285575;0,1353;0,3911258620689655;Não significativo
2914307;Iramaia;BA;Bahia;2;77255,9126543957;2,5887986191387040;2,74935731487031276;0,9156459005756642;0,571;;57,7090119435396;4,370249728555917;3,31161780673181338;0,05428881650380022;55,6731813246471;0,0123889816057656844;0,29664815800768229;0,4533;0,4984820359281438;Não significativo
2914406;Iraquara;BA;Bahia;1;199150,0192473706;0,5021340212665850;1,58609098529281067;0,1776024425821465;0,599;;84,9251166216548;2,565676405597840;0,12275963663147557;0,13503560029462311;61,2816106064326;0,0009117124949588531;0,02569938471075481;0,2033;0,4384483333333333;Não significativo
2914505;Irará;BA;Bahia;8;232294,6627713401;3,4439017687956195;2,63522231866936885;1,2180918644155196;0,620;;71,6053108026554;1,347817340575337;0,04023335345001006;0,04023335345001006;56,2059947696640;0,0169171871426069750;0,35996550392686316;0,3948;0,4867264705882353;Não significativo
2914604;Irecê;BA;Bahia;22;601080,9018458052;3,6600730338365732;3,53134182036992339;1,2945506245499245;0,691;;98,9531616826387;28,903513835969676;0,01154601085325020;0,18858484393641997;98,7953662009776;0,0071982967398525628;0,30251392030991220;0,4463;0,4984820359281438;Não significativo
2914653;Itabela;BA;Bahia;1;238816,5349110010;0,4187314753447313;0,44078023461289345;0,1481033541994718;0,599;;80,5509355509355;4,771309771309771;1,04989604989604990;2,06860706860706856;88,1288981288981;0,0440292621680878626;0,40188760313887117;0,1409;0,3990089887640449;Não significativo
2914703;Itaberaba;BA;Bahia;1;526636,6414456142;0,1898842430057670;0,33307935123817789;0,0671611640267289;0,620;;90,6309832787304;70,548440624601113;0,87222907713908859;0,51482789431136455;86,8442326511509;0,0463097260268073851;0,41532436853991095;0,1087;0,3770765517241380;Não significativo
2914802;Itabuna;BA;Bahia;1;1625126,1969423962;0,0615336828537658;0,06793046318518449;0,0217641743300679;0,712;;93,4631258598407;84,013562902127532;0,36269646058281568;6,23532191047928741;94,4233682133378;0,0386416600457433548;0,42847894778270190;0,3248;0,4805129411764706;Não significativo
2914901;Itacaré;BA;Bahia;4;228967,8100067329;1,7469704583724575;1,05514078242990506;0,6178952378952211;0,583;;61,7510121457490;48,613360323886639;4,25101214574898734;3,71457489878542502;75,0404858299595;0,0388191276272141922;0,39217450254550601;0,1104;0,3803506849315068;Não significativo
2915007;Itaeté;BA;Bahia;4;119043,8779123954;3,3601055931188721;2,13946892425129809;1,1884535510391556;0,572;;73,2363315696649;21,935626102292769;6,45943562610229272;0,06613756613756613;76,8298059964727;0,0182060547903520331;0,37166403326729996;0,4631;0,4984820359281438;Não significativo
2915106;Itagi;BA;Bahia;0;105715,1780722926;0,0000000000000000;0,61232439022267227;0,0000000000000000;0,543;;76,6981943250215;61,435941530524509;3,71883061049011188;9,75924333619948392;77,2570937231298;0,0461747068974470640;0,43399879775711453;0,0387;0,2657743243243244;Não significativo
2915205;Itagibá;BA;Bahia;0;120521,1324516836;0,0000000000000000;0,09310696801776419;0,0000000000000000;0,589;;77,9819886050358;66,531887520676349;2,57305642345157137;2,83036206579672855;83,3302701709245;0,0439155674043208363;0,52046711867422524;0,1409;0,3990089887640449;Não significativo
2915304;Itagimirim;BA;Bahia;2;53169,9706796656;3,7615217282128066;1,86248616604580697;1,3304325507985013;0,634;;81,4498933901919;77,057569296375263;3,02771855010660973;3,96588486140724994;85,3731343283582;0,0282803582901291449;0,38793221651792981;0,1937;0,4326241228070176;Não significativo
2915353;Itaguaçu da Bahia;BA;Bahia;0;108090,6157511345;0,0000000000000000;0,03619573431996135;0,0000000000000000;0,562;;61,3502935420744;6,409001956947162;1,71232876712328763;0,12230919765166340;58,7573385518591;0,0484266075323643852;0,49406817152652216;0,0757;0,3448495495495496;Não significativo
2915403;Itaju do Colônia;BA;Bahia;3;50971,7047656911;5,8856183323483675;4,47829146130561107;2,0817155334240454;0,592;;81,0541310541310;79,059829059829056;10,92117758784425519;1,13960113960113962;82,6685660018993;0,0012071294204612996;0,43821723300649706;0,3842;0,4866932668329177;Não significativo
2915502;Itajuípe;BA;Bahia;1;158019,5601348091;0,6328330487357916;0,39195741351735491;0,2238300741277863;0,599;;89,0984426346621;66,266609515645087;1,78596942420345761;14,17345335047864019;90,6129447063866;0,0486578491340146080;0,43621791100560908;0,0386;0,2657743243243244;Não significativo
2915601;Itamaraju;BA;Bahia;5;502376,5642751108;0,9952693568050094;1,00434116243367466;0,3520220923287884;0,627;;82,6366855198418;75,196578838460482;0,80011036004966196;2,24858601186370555;85,1933600036787;-0,0568146871969196290;-0,74118328406827605;0,1151;0,3859686666666667;Não significativo
2915700;Itamari;BA;Bahia;0;60669,5055189550;0,0000000000000000;0,17570871672968794;0,0000000000000000;0,578;;74,0508806262231;37,025440313111545;2,11350293542074352;9,51076320939334607;78,2387475538160;0,0401304993642687888;0,34365759851729932;0,3440;0,4866932668329177;Não significativo
2915809;Itambé;BA;Bahia;0;190973,4252428310;0,0000000000000000;0,04730521775541589;0,0000000000000000;0,578;;83,5105067985167;80,247218788627933;3,68355995055624241;1,92830655129789874;83,5846724351051;0,0513074936275224949;0,55304639436347192;0,0180;0,1926382978723404;Não significativo
2915908;Itanagra;BA;Bahia;0;49833,8764987290;0,0000000000000000;0,55400578474592843;0,0000000000000000;0,584;;75,3987433542774;7,878202029966168;2,89995166747220878;1,20831319478008692;81,7786370227163;0,0398839955047887787;0,37087718712336848;0,2448;0,4479010600706714;Não significativo
2916005;Itanhém;BA;Bahia;5;149759,1274809734;3,3386946652952698;2,03896691671674768;1,1808806065295800;0,637;;72,2156920364384;68,586541287099621;1,88069350573023808;2,15985894798707045;79,1066705847781;0,0170049012849304779;0,17487616378433729;0,3386;0,4866932668329177;Não significativo
2916104;Itaparica;BA;Bahia;0;169706,9056629751;0,0000000000000000;0,30880044696448344;0,0000000000000000;0,670;;94,2888076871024;52,239815942617405;0,04060089321965083;1,24509405873595891;90,4723237244553;0,0508810857611444178;0,44907610397981462;0,0208;0,1957127272727272;Não significativo
2916203;Itapé;BA;Bahia;8;76741,3035772453;10,4246339677400250;7,82664877105013534;3,6871440238710789;0,599;;85,1682368775236;73,512786002691783;5,30282637954239533;5,59892328398384898;84,8183041722746;-0,0212735149018665991;-0,30882972813450293;0,4548;0,4984820359281438;Não significativo
2916302;Itapebi;BA;Bahia;2;78428,0684444792;2,5501074292245778;1,50728065842346792;0,9019610086063339;0,572;;72,5981873111783;1,570996978851964;9,21450151057401712;12,74924471299093653;84,4712990936556;0,0304620552707071772;0,46256737458105562;0,1828;0,4237253456221198;Não significativo
2916401;Itapetinga;BA;Bahia;5;576477,0423024786;0,8673372282146304;0,85761151434857619;0,3067730999082531;0,667;;96,6747028015629;94,026934907307336;1,01421564552331867;1,20957685593149877;95,7685593149888;0,0367955456860095675;0,49056168018262958;0,1542;0,4125670212765958;Não significativo
2916500;Itapicuru;BA;Bahia;1;273561,9478848520;0,3655479161966346;0,65250114592136688;0,1292925793667118;0,486;;80,1957499338683;23,463539370425888;0,54668900449695801;0,12344590424124857;61,7670399435676;0,0262237832798253613;0,30801269785869051;0,4586;0,4984820359281438;Não significativo
2916609;Itapitanga;BA;Bahia;0;83225,0268343672;0,0000000000000000;0,37587254481448523;0,0000000000000000;0,571;;82,5957727873184;82,926023778071340;1,71730515191545585;1,84940554821664471;81,0105680317041;0,0489587868870574872;0,53176810409462960;0,0104;0,1585212121212121;Não significativo
2916708;Itaquara;BA;Bahia;0;66693,1893580036;0,0000000000000000;0,03019809132171559;0,0000000000000000;0,553;;77,6216216216216;52,756756756756765;3,13513513513513509;4,03603603603603567;75,2432432432432;0,0337533633964884339;0,30866431123204602;0,4962;0,4984820359281438;Não significativo
2916807;Itarantim;BA;Bahia;0;148509,9362088738;0,0000000000000000;0,32709024888571381;0,0000000000000000;0,610;;82,8662420382166;79,617834394904463;6,27388535031847105;3,31210191082802563;85,0636942675159;0,0433957437800469789;0,46363513253411637;0,1303;0,3904098837209302;Não significativo
2916856;Itatim;BA;Bahia;8;122664,8307472544;6,5218367410326863;5,15166289050879467;2,3067429934496477;0,582;;94,8754962107542;1,930710934680621;0,39696860339227719;0,88415734391916279;78,7982677733670;-0,0039934071924531090;-0,29378455954276717;0,4960;0,4984820359281438;Não significativo
2916906;Itiruçu;BA;Bahia;0;94810,2290388868;0,0000000000000000;0,89314938056914794;0,0000000000000000;0,600;;85,4517996476214;39,793606846211929;0,85577649131638556;0,02516989680342311;88,1701485023911;0,0319841525522156916;0,28316534905465579;0,4593;0,4984820359281438;Não significativo
2917003;Itiúba;BA;Bahia;0;283933,0514535844;0,0000000000000000;0,94491973010659347;0,0000000000000000;0,544;;61,4689546547293;25,026941888419135;2,25482881538589064;1,39268838597363831;56,8763989057448;0,0360705038745362111;0,49167554668193542;0,1473;0,4032156756756757;Não significativo
2917102;Itororó;BA;Bahia;0;148730,1985983480;0,0000000000000000;0,10659993444677669;0,0000000000000000;0,594;;92,3188405797102;86,070853462157814;3,14009661835748810;3,07568438003220601;91,9323671497584;0,0437514887929908239;0,48924035582049163;0,1622;0,4142352941176471;Não significativo
2917201;Ituaçu;BA;Bahia;3;149090,1978177261;2,0122047216462366;2,01190846988896155;0,7117073498391165;0,570;;60,9271523178808;6,913261185591988;19,15684057502826576;0,22613471167824262;49,1842997900178;0,0236232355031845177;0,41807886847456188;0,2788;0,4587622149837134;Não significativo
2917300;Ituberá;BA;Bahia;0;203123,6085485694;0,0000000000000000;0,32795694701355321;0,0000000000000000;0,606;;67,5083965667372;47,505908695111330;8,78218683915909892;21,34593854957084247;82,7341709167807;0,0314752458374561658;0,23456425369558440;0,4230;0,4936635730858469;Não significativo
2917334;Iuiu;BA;Bahia;1;89549,1080538870;1,1167057067706818;1,08842223053480769;0,3949735583891084;0,591;;77,9491573836047;44,130248500428451;0,22850614110254214;0,00000000000000000;71,9794344473008;0,0357683122569401116;0,38478979904267346;0,2080;0,4384483333333333;Não significativo
2917359;Jaborandi;BA;Bahia;0;71233,1683615169;0,0000000000000000;0,07516782229558884;0,0000000000000000;0,613;;77,3411114522567;32,545287073994473;12,95670862757138408;0,06140620202640467;59,6868283696653;0,0136325575503234882;0,12004268091417590;0,2460;0,4479010600706714;Não significativo
2917409;Jacaraci;BA;Bahia;7;118294,6572878758;5,9174270085293550;4,94002863982639351;2,0929661126435097;0,593;;91,3910186199343;16,516976998904710;1,31434830230010946;0,10952902519167579;44,4249726177437;-0,0020572330550405384;-0,36101427101204381;0,4939;0,4984820359281438;Não significativo
2917508;Jacobina;BA;Bahia;10;663026,1589040415;1,5082361179428638;1,56416465020537898;0,5334560240742096;0,649;;90,8629113145889;58,993108357330058;0,94476979325071997;0,62445400718283883;93,7878150580775;0,0172864999952223319;0,32922819764914163;0,4428;0,4984820359281438;Não significativo
2917607;Jaguaquara;BA;Bahia;8;406340,6027457911;1,9687916850890836;1,94326286012235294;0,6963523629115032;0,580;;83,7888784165881;45,604775369148605;1,27552623311341495;3,28620797989318270;87,4018221803330;0,0248192960443511558;0,51981524758552677;0,1740;0,4167033175355451;Não significativo
2917706;Jaguarari;BA;Bahia;3;269847,2640037292;1,1117400100667840;1,24457421887996511;0,3932172148107351;0,659;;78,4588146024787;59,615546749852456;0,20234381586712755;0,00843099232779698;78,3070567405784;0,0231866247683545842;0,31329915309987255;0,4717;0,4984820359281438;Não significativo
2917805;Jaguaripe;BA;Bahia;1;147803,6431794148;0,6765733093507901;0,67840538664912398;0,2393007986662440;0,556;;57,4137931034483;6,426332288401254;1,72413793103448265;2,13166144200626961;56,9592476489028;0,0374750344583373099;0,48053124506687134;0,1873;0,4248310810810811;Não significativo
2917904;Jandaíra;BA;Bahia;7;80605,1697295776;8,6843065072430328;5,83405555529966779;3,0715983830929265;0,550;;76,1858664085189;2,484672474991933;2,45240400129073910;0,06453694740238787;82,7040980961601;-0,0094718409360182772;-0,20393442298381109;0,4178;0,4910126168224299;Não significativo
2918001;Jequié;BA;Bahia;10;1284613,8739293821;0,7784440292094900;0,79830360222774166;0,2753319933438524;0,665;;92,1251404373001;83,387779794313360;1,59363927059026866;3,50877192982456121;93,1535735891453;0,0373409742197354302;0,60495587330937439;0,0830;0,3538050847457627;Não significativo
2918100;Jeremoabo;BA;Bahia;1;317396,1027442084;0,3150637299431199;0,56182305749493666;0,1114365600358964;0,547;;72,7876106194690;34,306784660766958;0,48672566371681414;0,36135693215339232;70,6047197640118;0,0382336140438509151;0,55729375737189146;0,1369;0,3934897142857142;Não significativo
2918209;Jiquiriçá;BA;Bahia;36;113789,7760345890;31,6372887394180005;31,50982284696877755;11,1899602871445349;0,553;;49,2518703241895;31,566916043225270;5,11221945137157086;5,25768911055694055;56,7539484621779;1,4187741954226449348;2,04337116662743901;0,0342;0,2543742857142857;Não significativo
2918308;Jitaúna;BA;Bahia;0;102561,1863802120;0,0000000000000000;0,67649090071776985;0,0000000000000000;0,575;;63,3274751025190;48,564733450497947;3,67115797695762591;10,25190392501464487;75,6102323764890;0,0437497602612587841;0,37453794996685735;0,1204;0,3882128205128205;Não significativo
2918357;João Dourado;BA;Bahia;7;203027,0920541728;3,4478157221166437;3,08660059087205196;1,2194762113040518;0,593;;91,1030303030303;1,903030303030303;0,06060606060606061;0,02424242424242424;91,5272727272727;0,0094866783771868652;0,25191315627972627;0,3903;0,4867264705882353;Não significativo
2918407;Juazeiro;BA;Bahia;11;1864030,0117901713;0,5901192540047064;0,61078494983523834;0,2087224057466278;0,677;;94,8388079016481;78,094114363288043;1,12790063309608080;0,52271660386455043;89,4593943084789;0,0258095702617693636;0,24002939460465797;0,3972;0,4884880195599022;Não significativo
2918456;Jucuruçu;BA;Bahia;42;75569,4345688482;55,5780260096236631;53,77260703938537034;19,6576865043023759;0,541;;39,0968848242355;35,124321234638465;6,14461274649899902;7,14489854244069722;56,9877107745070;-0,3214828118830500014;-0,20909363829903008;0,3562;0,4866932668329177;Não significativo
2918506;Jussara;BA;Bahia;2;128063,2798439132;1,5617279226626479;1,44464780393684999;0,5523758239164853;0,571;;86,4568345323741;0,827338129496403;0,17985611510791369;0,00000000000000000;73,7410071942446;0,0274461546947485611;0,33219897427858897;0,4009;0,4887847826086957;Não significativo
2918555;Jussari;BA;Bahia;1;47176,8880786434;2,1196819899036381;1,86803447830209235;0,7497215543266414;0,567;;86,8750000000000;66,778846153846146;5,67307692307692335;11,44230769230769162;84,8076923076923;0,0050042002003206840;0,08693771637302959;0,2408;0,4479010600706714;Não significativo
2918605;Jussiape;BA;Bahia;0;54357,2909982168;0,0000000000000000;1,88641745004056838;0,0000000000000000;0,602;;75,9178839320963;17,726016581129095;9,71180418476115292;0,03947887879984208;45,2033162258192;0,0211644600089045537;0,35855219375604641;0,4429;0,4984820359281438;Não significativo
2918704;Lafaiete Coutinho;BA;Bahia;2;31508,3575924919;6,3475222220931649;1,77947447022628613;2,2450887676254330;0,599;;60,5739238927012;51,278852152214597;0,49906425452276981;2,18340611353711767;84,0923268870867;0,0282644307450344127;0,42149704572540175;0,1910;0,4308206278026906;Não significativo
2918753;Lagoa Real;BA;Bahia;2;120384,8029168234;1,6613392650414893;1,71173215351129904;0,5876078874017364;0,545;;67,3450720329293;0,251543562771553;5,78550194374571269;0,00000000000000000;31,8316944889092;0,0187240076847170547;0,27164017013330771;0,4206;0,4931510489510489;Não significativo
2918803;Laje;BA;Bahia;6;181560,5142160370;3,3046833040253789;3,35701179877561540;1,1688509479499050;0,586;;45,4472949621162;21,627010501129867;1,79449687624617837;5,43666090655323675;50,3921307988834;-0,0339069438944169591;-1,37008898344613272;0,0602;0,3108540000000000;Não significativo
2918902;Lajedão;BA;Bahia;3;31596,8652594949;9,4946127578225425;8,98673801633322533;3,3581998943378664;0,632;;73,4185733512786;25,437415881561236;2,08613728129205933;0,26917900403768508;75,7065948855989;0,0675303929686061205;0,51524796791044947;0,0935;0,3636190839694657;Não significativo
2919009;Lajedinho;BA;Bahia;0;29415,6909491449;0,0000000000000000;1,04449968832564610;0,0000000000000000;0,546;;69,8275862068966;29,310344827586203;1,41065830721003138;0,00000000000000000;54,6238244514107;0,0316038354219898288;0,37130156728571279;0,3422;0,4866932668329177;Não significativo
2919058;Lajedo do Tabocal;BA;Bahia;0;64752,2882004041;0,0000000000000000;0,98352366741550001;0,0000000000000000;0,584;;65,3479853479853;0,549450549450549;0,95238095238095244;0,03663003663003663;84,0659340659341;0,0314710052097225204;0,36197763510764219;0,3636;0,4866932668329177;Não significativo
2919108;Lamarão;BA;Bahia;2;69787,8522752581;2,8658282706732057;2,29735456070390542;1,0136299858923752;0,518;;88,8534014691792;16,640051101884382;0,25550942190993292;0,38326413286489935;38,4541679974449;0,0182246940201564039;0,33052932643282257;0,4590;0,4984820359281438;Não significativo
2919157;Lapão;BA;Bahia;1;215097,4485526538;0,4649055610509530;1,58753551583345387;0,1644349112302761;0,596;;94,6131805157593;16,790830945558739;0,01146131805157593;0,05730659025787965;84,6189111747851;0,0051032842867181766;0,09649216322694691;0,2480;0,4479010600706714;Não significativo
2919207;Lauro de Freitas;BA;Bahia;4;1651212,4665534119;0,2422462330574108;0,26964362602041198;0,0856813537326098;0,754;;97,7397678680513;72,826750949509972;0,01327985976468089;2,60550848583038963;99,1779766805662;0,0468678398961569001;0,35263836481459360;0,1648;0,4142352941176471;Não significativo
2919306;Lençóis;BA;Bahia;3;89917,2133069508;3,3364023301732972;2,17868891482755123;1,1800698183741545;0,623;;87,9050778259760;47,512120438887472;2,80683847920387874;4,00612401122735395;84,6644552181679;0,0219080647583224097;0,41664944954502459;0,2932;0,4660287066246057;Não significativo
2919405;Licínio de Almeida;BA;Bahia;1;97787,5454156969;1,0226251162650406;2,04827240232534713;0,3616976958390548;0,621;;76,4324862979571;1,096163428001993;3,91131041355256626;0,00000000000000000;58,1464872944694;0,0026032288832729101;0,03682791862026535;0,2089;0,4384483333333333;Não significativo
2919504;Livramento de Nossa Senhora;BA;Bahia;1;365142,7350916514;0,2738655062516849;0,31901523448477204;0,0968649420061355;0,611;;71,3664174031271;33,738953093133922;4,73827328348062515;0,48946295037389537;64,1876274643100;0,0181981031079797920;0,22403349701108347;0,3327;0,4836650289017341;Não significativo
2919553;Luís Eduardo Magalhães;BA;Bahia;12;810258,1771745482;1,4810094286052389;1,95902489888833409;0,5238260720594261;0,716;;92,0505200594354;65,202795663419735;0,03577128391392879;0,03852292113807716;99,0424302459964;0,0171024321238498721;0,16798828766731252;0,3200;0,4790476190476191;Não significativo
2919603;Macajuba;BA;Bahia;2;87918,9107492708;2,2748234514684182;1,26908542835332350;0,8045943598978873;0,524;;70,7291935068281;39,190930172635916;0,85029631538263339;0,07729966503478485;66,6580778149961;0,0381019738178094980;0,42545824209852623;0,0534;0,3069443181818182;Não significativo
2919702;Macarani;BA;Bahia;2;164366,8764255099;1,2167901729922987;1,28261385834628339;0,4303729635531983;0,605;;85,3018372703412;83,367868490122945;3,79886724685730082;2,73518441773725662;83,7822903715983;-0,0038073135752955739;-0,06147129721147555;0,2115;0,4390004065040651;Não significativo
2919801;Macaúbas;BA;Bahia;0;371960,8276257572;0,0000000000000000;0,05912957450994483;0,0000000000000000;0,609;;82,9297734857630;27,025491727614853;0,75268053681743952;0,07810835759426259;55,0663921039551;0,0534855158874857073;0,66766655075761017;0,0003;0,0503000000000000;Não significativo
2919900;Macururé;BA;Bahia;0;60725,8269864083;0,0000000000000000;0,28048380753697033;0,0000000000000000;0,604;;69,9507389162562;35,550082101806240;0,28735632183908044;0,12315270935960591;31,3218390804598;0,0493518967586045951;0,41567443886026312;0,0569;0,3108540000000000;Não significativo
2919926;Madre de Deus;BA;Bahia;9;160752,5300429800;5,5986677146503974;2,80352389225754273;1,9802224490178828;0,708;;99,5718293223092;91,554702495201539;0,00000000000000000;2,87907869481765832;99,5423003100546;0,0210390267334543898;0,37647354610512351;0,0745;0,3448495495495496;Não significativo
2919959;Maetinga;BA;Bahia;0;40382,4932137033;0,0000000000000000;0,40800494289289418;0,0000000000000000;0,538;;61,0496104961050;38,376383763837637;5,82205822058220601;0,04100041000410004;50,0205002050021;-0,5397326425385425841;-5,75364252319950342;0,0099;0,1556156250000000;Não significativo
2920007;Maiquinique;BA;Bahia;0;76248,8952079492;0,0000000000000000;0,10802677227786055;0,0000000000000000;0,576;;79,1049479987394;73,179955877718257;6,74440592499212066;5,26315789473684159;82,7607942010715;0,0483260802794302988;0,28027517742077301;0,2469;0,4479010600706714;Não significativo
2920106;Mairi;BA;Bahia;2;146446,8453331123;1,3656832248251858;1,26279732138044132;0,4830357359786336;0,572;;66,6300768386389;48,094715383409124;1,66222361612043290;0,26658303277403167;77,4188489885526;0,0332567611650694886;0,45058567260854493;0,1617;0,4142352941176471;Não significativo
2920205;Malhada;BA;Bahia;1;130071,4782813900;0,7688080532433490;0,72383731239432336;0,2719237939473392;0,562;;59,8628143837040;0,602785283724797;2,47349823321554751;0,08314279775514445;66,5142382041156;0,0367841216961712278;0,54319033711773235;0,1482;0,4032156756756757;Não significativo
2920304;Malhada de Pedras;BA;Bahia;1;68951,7074781423;1,4502904084238950;1,44867639565263495;0,5129608990441119;0,578;;48,1431917029107;12,244897959183673;10,94011375041819889;0,16728002676480427;42,2549347607896;0,0353113334062245890;0,35693853148611876;0,1248;0,3904098837209302;Não significativo
2920403;Manoel Vitorino;BA;Bahia;2;109185,8196919398;1,8317396944427962;1,76247965169127818;0,6478777181580390;0,566;;57,8238341968912;0,476683937823834;6,79792746113989654;0,64248704663212441;57,5958549222798;0,0161532522531805146;0,29109310366499125;0,4063;0,4891527058823530;Não significativo
2920452;Mansidão;BA;Bahia;0;111888,6899395684;0,0000000000000000;0,17554588770026230;0,0000000000000000;0,599;;61,7861142217245;0,307950727883539;7,02687569988801730;0,00000000000000000;43,1410974244121;0,0552172939379562550;0,52319887685706545;0,0003;0,0503000000000000;Não significativo
2920502;Maracás;BA;Bahia;1;197039,5551764584;0,5075123109694659;0,80448275795576152;0,1795047183644898;0,607;;54,9899799599198;2,444889779559118;2,59519038076152286;0,24048096192384769;79,9599198396794;0,0312785618433960230;0,42461712146783559;0,3541;0,4866932668329177;Não significativo
2920601;Maragogipe;BA;Bahia;7;325587,6165268907;2,1499589187913299;2,05747338404110902;0,7604303617298451;0,621;;64,7340384466919;42,870377518721533;1,04994981857484748;12,12846444839033389;66,7721763298078;0,0236135928936958665;0,42351182918338226;0,2606;0,4520062068965517;Não significativo
2920700;Maraú;BA;Bahia;0;183396,4786950708;0,0000000000000000;0,78279866652565333;0,0000000000000000;0,593;;22,1445221445221;9,242424242424242;2,70396270396270433;1,67832167832167833;70,9324009324009;0,0419543296822718487;0,41197719182567111;0,0947;0,3636190839694657;Não significativo
2920809;Marcionílio Souza;BA;Bahia;1;79212,2329504439;1,2624312719799369;1,57171689913042956;0,4465160056874308;0,561;;74,9922910884983;0,400863398088190;5,48874498920752352;0,06167129201356768;74,5297563983966;0,0257046766417593255;0,38202058676921735;0,3656;0,4866932668329177;Não significativo
2920908;Mascote;BA;Bahia;4;110233,0663341678;3,6286752541874638;3,31730495109195589;1,2834453775019912;0,581;;84,2401500938086;57,348342714196377;4,27350427350427342;1,75109443402126330;86,4707108609548;0,0085307939360141222;0,30334314260765050;0,4534;0,4984820359281438;Não significativo
2921005;Mata de São João;BA;Bahia;9;363420,7199450829;2,4764685957806711;2,32628466895208907;0,8759152994238559;0,668;;89,7683523654160;47,732463295269170;0,26753670473083196;1,52039151712887444;94,1011419249592;0,0218395308135591326;0,43882225714859791;0,2168;0,4397193548387097;Não significativo
2921054;Matina;BA;Bahia;0;91007,4335661396;0,0000000000000000;0,13091332354755478;0,0000000000000000;0,572;;45,1702786377709;0,185758513931889;3,46749226006191957;0,00000000000000000;43,3746130030960;0,0491170901395422688;0,36612729763487895;0,1347;0,3911258620689655;Não significativo
2921104;Medeiros Neto;BA;Bahia;0;181280,5389632364;0,0000000000000000;0,60212171529558511;0,0000000000000000;0,625;;84,2266824085006;48,795749704840610;0,66115702479338845;3,74262101534828817;86,9657615112161;0,0145495831281094758;0,15842628904254930;0,2706;0,4567510067114094;Não significativo
2921203;Miguel Calmon;BA;Bahia;21;204074,8472801192;10,2903421366645826;9,23951062013662572;3,6396456345811701;0,586;;87,4542715730579;44,071443942328386;1,17279965569184430;2,60383042823326871;74,4458790617603;-0,0375935388632423553;-0,37438498159391698;0,3941;0,4867264705882353;Não significativo
2921302;Milagres;BA;Bahia;3;88882,0361300638;3,3752602107472072;3,34248702345480364;1,1938136680461684;0,622;;90,7676869041646;3,085800301053688;0,07526342197691922;2,33316608128449587;81,7611640742599;0,0127301489338219574;0,44499021911877129;0,1561;0,4137836842105263;Não significativo
2921401;Mirangaba;BA;Bahia;5;137653,9068176250;3,6322979242604458;3,48104260540797394;1,2847266988751336;0,542;;68,9024390243902;18,489956958393115;0,55595408895265430;0,01793400286944046;82,8550932568149;0,0089753191770785643;0,42264637296694701;0,3853;0,4866932668329177;Não significativo
2921450;Mirante;BA;Bahia;7;75785,6370904142;9,2365786826451330;9,17174114397188056;3,2669344550725929;0,527;;28,5382830626450;14,472157772621811;8,26566125290023201;0,84106728538283060;33,3526682134571;-0,0447368234193618458;-0,45589146918532220;0,1659;0,4142352941176471;Não significativo
2921500;Monte Santo;BA;Bahia;1;393606,8079457596;0,2540606462624507;0,31964944792673688;0,0898600561387865;0,506;;41,7277672658467;4,127246925260170;1,29493850520340592;0,01773888363292337;50,7627719962157;0,0452875492216261305;0,52830116761241397;0,0675;0,3274336538461539;Não significativo
2921609;Morpará;BA;Bahia;2;66595,1419314591;3,0032220699498402;1,55661071673148776;1,0622255267514094;0,558;;67,4981923355025;30,332610267534342;0,32537960954446854;0,00000000000000000;61,8221258134490;0,0373508662613129747;0,57143179383586518;0,0008;0,0541692307692308;Não significativo
2921708;Morro do Chapéu;BA;Bahia;4;280154,3467379833;1,4277843790662412;1,58100723457207226;0,5050006222704679;0,588;;69,2812657801717;40,085844133984175;2,76889412556808656;0,05049654940245749;79,1196768220838;0,0155218357823388668;0,35675778513029288;0,4703;0,4984820359281438;Não significativo
2921807;Mortugaba;BA;Bahia;5;93608,6926332652;5,3413842874493671;4,93578431284146379;1,8892225104127474;0,618;;65,6860192658162;4,842488935173132;2,99401197604790426;0,00000000000000000;56,1051809424629;-0,0012502449114610919;-0,14494034649613416;0,2695;0,4567510067114094;Não significativo
2921906;Mucugê;BA;Bahia;1;85809,8454110283;1,1653674414748219;1,65608938182923038;0,4121849851750091;0,606;;63,8665404637956;34,477046852815903;3,57311878845243758;0,07098911500236631;70,6578324656886;0,0252261564411333447;0,48142451607850301;0,2765;0,4587622149837134;Não significativo
2922003;Mucuri;BA;Bahia;6;325022,8127272427;1,8460242681596524;1,87525213147986447;0,6529301047239983;0,665;;50,0822368421053;36,333732057416270;0,33642344497607657;0,73265550239234445;89,4363038277512;-0,0754725978403813225;-0,76311002237543890;0,0669;0,3274336538461539;Não significativo
2922052;Mulungu do Morro;BA;Bahia;8;96956,4110201353;8,2511304985686955;8,43021854303532514;2,9183860653645031;0,566;;70,8351843625056;0,621945801865837;0,26654820079964464;0,04442470013327410;68,1030653043092;0,0789837596525894969;0,96055281459557995;0,0861;0,3549860655737705;Não significativo
2922102;Mundo Novo;BA;Bahia;0;176753,9096823870;0,0000000000000000;0,45640368507264023;0,0000000000000000;0,590;;73,5746465744912;23,939723473667858;0,71461861115426439;14,21469628709025912;79,8508622028895;0,0384567113611316569;0,49548446713297539;0,1961;0,4326241228070176;Não significativo
2922201;Muniz Ferreira;BA;Bahia;1;59129,4063455149;1,6912058852014025;2,47445929537280529;0,5981715705369558;0,617;;61,4218693612414;27,426921688920970;0,25261638397690367;20,24539877300613355;82,5333814507398;0,0132608260157315687;0,23698037470174987;0,3742;0,4866932668329177;Não significativo
2922250;Muquém do São Francisco;BA;Bahia;0;88184,0331512008;0,0000000000000000;0,39447194063708091;0,0000000000000000;0,549;;73,3372921615202;9,530878859857483;2,70190023752969122;0,08907363420427554;54,7209026128266;0,0509972893277610209;0,56746748155654148;0,0014;0,0541692307692308;Não significativo
2922300;Muritiba;BA;Bahia;0;236066,7025275598;0,0000000000000000;0,17841631437750016;0,0000000000000000;0,660;;89,9709738764888;43,449104193774396;0,01000900810729657;0,22019817836052449;90,5414873386047;0,0478049481027968751;0,41168202114156277;0,1176;0,3882128205128205;Não significativo
2922409;Mutuípe;BA;Bahia;8;170560,4664841648;4,6904186913341599;4,80309178027118833;1,6589790395254713;0,601;;54,9061662198392;46,943699731903486;1,68900804289544215;3,94101876675603169;56,6621983914209;0,0065531441047568095;1,66609749219765590;0,0449;0,2823087500000000;Não significativo
2922508;Nazaré;BA;Bahia;0;225844,3688429094;0,0000000000000000;0,58098105722008397;0,0000000000000000;0,641;;80,2547131969515;53,449659045326911;0,63176895306859204;19,95587645407140087;82,1099077416767;0,0266423278993949721;0,27792760702172126;0,4357;0,4984820359281438;Não significativo
2922607;Nilo Peçanha;BA;Bahia;3;105265,2129648928;2,8499443600617944;2,83707866313977375;1,0080119213859566;0,547;;62,3718546132339;21,481826654240447;4,24044734389561917;10,55452003727865851;64,8415657036347;0,0098469901874886443;0,27040454286783444;0,3863;0,4866932668329177;Não significativo
2922656;Nordestina;BA;Bahia;2;129325,2229663322;1,5464887313750615;0,99149160965220462;0,5469857936038111;0,560;;57,6499388004896;1,766043014513027;0,20982689281342895;0,01748557440111908;44,1685609372268;0,0410337151221443416;0,38393907180523201;0,1003;0,3655862318840580;Não significativo
2922706;Nova Canaã;BA;Bahia;2;121461,0774468070;1,6466180294472397;1,77052095814435972;0,5824010555826713;0,545;;56,9769769769770;48,648648648648653;3,96396396396396389;2,04204204204204176;67,0870870870871;-0,0034341814640607101;-0,03325275327820180;0,2156;0,4390558704453442;Não significativo
2922730;Nova Fátima;BA;Bahia;1;63893,1412361383;1,5651132197494695;1,48230460158491306;0,5535731875804115;0,597;;91,1861074705111;69,560943643512445;0,42595019659239847;0,03276539973787680;88,2372214941022;0,0247767490854658573;0,33406175463562016;0,4514;0,4984820359281438;Não significativo
2922755;Nova Ibiá;BA;Bahia;0;52792,2424955451;0,0000000000000000;0,01058256032201902;0,0000000000000000;0,570;;44,9396084964598;46,897126197417741;1,37442732194918782;9,82923781757600956;53,9775093710954;0,0547041683572759563;0,50246086813462565;0,0077;0,1383250000000000;Não significativo
2922805;Nova Itarana;BA;Bahia;0;64835,2712759794;0,0000000000000000;0,02343579190825452;0,0000000000000000;0,524;;78,9849624060150;2,368421052631579;0,56390977443609014;0,11278195488721805;79,6616541353383;0,0364381373449267354;0,36610134815760587;0,4131;0,4891527058823530;Não significativo
2922854;Nova Redenção;BA;Bahia;2;67020,5260904768;2,9841604008002363;2,14509324690102243;1,0554835039899899;0,567;;91,1564625850340;2,418745275888133;3,28798185941043064;0,00000000000000000;67,4225245653817;0,0204833261098830398;0,31001524326932400;0,4435;0,4984820359281438;Não significativo
2922904;Nova Soure;BA;Bahia;14;204060,7162057768;6,8607031575260473;5,88453758536441640;2,4265984518120840;0,555;;76,3203313772868;1,576343343688873;0,01150615579334944;0,02301231158669888;69,4511563686572;-0,0116143758365503148;-0,42134837810924008;0,2441;0,4479010600706714;Não significativo
2923001;Nova Viçosa;BA;Bahia;0;337485,1378431399;0,0000000000000000;0,05077347739338971;0,0000000000000000;0,654;;58,4996709804782;19,134313080353881;0,24128098267163853;1,06748555969876446;91,1968999049499;-0,0766127889443018600;-0,53143841097242839;0,0886;0,3594016129032258;Não significativo
2923035;Novo Horizonte;BA;Bahia;2;95475,7133391051;2,0947735607866216;0,86943663706770624;0,7409115600527864;0,597;;90,5163329820864;0,131717597471022;0,00000000000000000;0,00000000000000000;45,7060063224447;0,0416530698965043231;0,46186684775653469;0,0537;0,3069443181818182;Não significativo
2923050;Novo Triunfo;BA;Bahia;0;105550,2011423131;0,0000000000000000;0,35215220730972380;0,0000000000000000;0,554;;85,3770692826487;65,113427345187006;0,09196811771919068;0,36787247087676272;71,3059472716125;0,0452894329079268076;0,44818852093367972;0,1039;0,3683943661971831;Não significativo
2923100;Olindina;BA;Bahia;1;204589,8827759703;0,4887827229927192;0,59330582317531411;0,1728801511526589;0,559;;89,2037948841119;46,907649813858534;0,02401825387294344;0,18013690404707577;78,3595532604780;0,0347066205694172153;0,36264136418454046;0,3718;0,4866932668329177;Não significativo
2923209;Oliveira dos Brejinhos;BA;Bahia;1;171664,2218140710;0,5825325681918141;0,62124342976014757;0,2060390306427576;0,554;;80,7569721115538;5,949535192563081;0,35856573705179284;0,01328021248339973;61,2881806108898;0,0445211615616521866;0,51125067279814507;0,0319;0,2431166666666666;Não significativo
2923308;Ouriçangas;BA;Bahia;0;65672,7058204586;0,0000000000000000;1,55762586155977689;0,0000000000000000;0,607;;74,3083003952569;12,001437297879985;0,03593244699964068;0,00000000000000000;71,4337046352857;0,0273232702464779806;0,33811095163706090;0,3722;0,4866932668329177;Não significativo
2923357;Ourolândia;BA;Bahia;3;148974,9871409613;2,0137608719250135;1,86072794128328778;0,7122577528766135;0,560;;54,1475409836066;15,672131147540982;0,03278688524590164;0,01639344262295082;83,5901639344262;0,0200554808301619605;0,29960170571068212;0,4765;0,4984820359281438;Não significativo
2923407;Palmas de Monte Alto;BA;Bahia;1;168885,2989180527;0,5921178494554606;0,62117031461170091;0,2094292995613352;0,586;;46,2719622028643;0,782518824745312;3,92735862985383122;0,04429351838181013;53,4179831684630;0,0406756187255146173;0,50982265071409483;0,1034;0,3683943661971831;Não significativo
2923506;Palmeiras;BA;Bahia;1;78802,2772751096;1,2689988596507966;1,17089476601548581;0,4488389305696662;0,643;;64,1146993318486;31,236080178173719;2,89532293986636979;0,02783964365256125;74,5545657015590;0,0298312969303150231;0,39338544973223388;0,3397;0,4866932668329177;Não significativo
2923605;Paramirim;BA;Bahia;3;169659,3827889314;1,7682487998510623;1,91236349754826152;0,6254212872379142;0,615;;89,1895888790299;27,832002366163856;0,16267376515823720;3,75628512274475002;69,5652173913043;0,0226832544173389862;0,38620155686861130;0,3644;0,4866932668329177;Não significativo
2923704;Paratinga;BA;Bahia;2;248824,0982036917;0,8037806685278390;0,38685052352187582;0,2842934435527253;0,590;;46,7029307282416;1,087921847246892;3,95204262877442281;0,01110124333925400;40,8858792184725;0,0503116892148822992;0,55201773250777364;0,0038;0,0868818181818182;Não significativo
2923803;Paripiranga;BA;Bahia;19;225684,6892886634;8,4188254240401434;6,61134451818700253;2,9776989721005078;0,577;;64,7144039735099;21,709437086092713;0,03104304635761590;0,02069536423841060;68,0980960264901;-0,0004390546800848473;-0,00384347395680808;0,1603;0,4142352941176471;Não significativo
2923902;Pau Brasil;BA;Bahia;1;77015,3959393854;1,2984416788391837;1,23382496657789287;0,4592527172937206;0,583;;71,1293260473588;64,146933819064969;12,08257437765634457;3,24833029751062519;69,6417729204614;0,0270124397166014649;0,29940171062415821;0,4791;0,4984820359281438;Não significativo
2924009;Paulo Afonso;BA;Bahia;5;939897,7909179965;0,5319727366436843;0,54780300570448970;0,1881562559268766;0,674;;87,2014444157854;82,445189579571831;3,28346659788496265;0,50038689708537532;93,5439773020377;0,0411673452349778507;0,37607767506068224;0,2062;0,4384483333333333;Não significativo
2924058;Pé de Serra;BA;Bahia;1;108322,2666243929;0,9231712289288558;0,96038943453817294;0,3265213234621301;0,587;;67,1996719967200;13,817138171381712;2,84952849528495289;0,02050020500205002;70,8282082820828;0,0346324987037352483;0,44033119673122839;0,2223;0,4419640316205534;Não significativo
2924108;Pedrão;BA;Bahia;0;54854,3596513797;0,0000000000000000;1,89168364086378138;0,0000000000000000;0,588;;80,0664451827243;5,030849549121974;0,28476506881822494;0,80683436165163747;55,1020408163265;0,0248955461717383260;0,38382134778251936;0,3117;0,4772403030303030;Não significativo
2924207;Pedro Alexandre;BA;Bahia;1;124121,0124645838;0,8056653584624410;1,30185011616074497;0,2849600495218867;0,513;;39,6226415094340;7,483570065719737;6,14797540809836729;0,19079923680305277;45,2194191223235;0,0274018889056293277;0,26882784264691018;0,4856;0,4984820359281438;Não significativo
2924306;Piatã;BA;Bahia;1;150581,8513111997;0,6640906532177981;0,83473242300360639;0,2348857418781372;0,571;;57,2279951100245;3,499388753056234;2,09352078239608774;0,04584352078239609;61,7817848410758;0,0408541233928021025;0,45562290658473931;0,0785;0,3472886956521739;Não significativo
2924405;Pilão Arcado;BA;Bahia;1;286322,8746623366;0,3492560631697030;0,31155778782375471;0,1235302275458297;0,506;;43,1487695749441;19,071588366890381;8,48247576435495887;0,07457121551081282;41,0980611483967;0,0523170106760186548;0,56544252507498516;0,0011;0,0541692307692308;Não significativo
2924504;Pindaí;BA;Bahia;4;125026,0588135684;3,1993330334155128;3,15858857743053401;1,1315890525304171;0,603;;38,1227580709446;0,378636907134316;0,87684336388999595;0,05978477481068154;38,5412514946194;0,0089927166057623808;0,28048876893106262;0,4220;0,4936418604651163;Não significativo
2924603;Pindobaçu;BA;Bahia;0;158161,1025989426;0,0000000000000000;0,19190997992542350;0,0000000000000000;0,577;;73,5759727770380;35,596981802041725;1,47950880307737820;0,22192632046160676;86,6696256842728;0,0379733071605041911;0,36984927779487625;0,3724;0,4866932668329177;Não significativo
2924652;Pintadas;BA;Bahia;3;83790,1944399940;3,5803712117513213;1,87523767778288120;1,2663604647896216;0,612;;66,7694896242288;47,952888390353337;1,57038698822209755;0,50476724621424562;73,5277621985418;0,0284502898700813509;0,43838879120774926;0,1301;0,3904098837209302;Não significativo
2924678;Piraí do Norte;BA;Bahia;4;85199,1895242468;4,6948803413929685;2,99387083768563178;1,6605571041752085;0,533;;44,9036668738347;30,018645121193288;2,64139216904909890;3,32504661280298297;51,3362336855189;0,0172550333338957161;0,45583296271227058;0,1120;0,3830277027027027;Não significativo
2924702;Piripá;BA;Bahia;41;79140,3559096668;51,8066914518284634;49,81450584564483819;18,3237832018147593;0,575;;65,0276582667486;4,609711124769515;11,12476951444376105;0,09219422249539029;62,3540258143823;0,8098979987231830213;0,73118195584464629;0,0819;0,3521000000000000;Não significativo
2924801;Piritiba;BA;Bahia;3;170221,4775654463;1,7624097986381113;1,90408878899408918;0,6233560599604546;0,578;;83,6145310837513;36,206110351117196;8,45113239094087199;0,15199878400972794;83,4777321781426;0,0125114469057026854;0,16829079500315672;0,2937;0,4660287066246057;Não significativo
2924900;Planaltino;BA;Bahia;3;70031,1732192451;4,2838065708366226;2,29611339813528792;1,5151622441573493;0,572;;68,7200547570157;0,889801505817933;0,37645448323066394;0,03422313483915126;72,8610540725530;0,0216430601124493610;0,43118239378940248;0,2447;0,4479010600706714;Não significativo
2925006;Planalto;BA;Bahia;57;200442,3990338817;28,4370972781886451;27,73788170625252647;10,0580676127321862;0,560;;68,7357151449537;0,421027306628173;6,91687718031998067;3,69301094670997232;79,2613978106580;-0,2095572773545549827;-0,41036936218969677;0,2699;0,4567510067114094;Não significativo
2925105;Poções;BA;Bahia;3;386658,5550390466;0,7758783456109088;0,83762119306336413;0,2744245231173746;0,604;;82,8994959976282;67,554106136970063;2,14645715979839924;1,25111176993774098;81,3697005632968;-0,0138664089397283041;-0,16901536351041777;0,1875;0,4248310810810811;Não significativo
2925204;Pojuca;BA;Bahia;0;291117,7594927908;0,0000000000000000;0,26949120016763423;0,0000000000000000;0,666;;85,6539728109432;80,021953896816683;0,06755045174364604;1,56210419657181454;94,3848686988094;0,0300617062352192717;0,29615339794858697;0,4531;0,4984820359281438;Não significativo
2925253;Ponto Novo;BA;Bahia;2;133145,3404339919;1,5021179062526187;1,22822941442960420;0,5312920413636151;0,580;;87,3373532211996;3,141859727070771;1,36464614408124407;0,12694382735639478;79,8635353855919;0,0371374765670205512;0,51351206449790376;0,0469;0,2854373493975904;Não significativo
2925303;Porto Seguro;BA;Bahia;5;1305012,3800632930;0,3831381277591788;0,40002847135737357;0,1355141544975194;0,676;;65,6871534349371;59,363482418567578;0,40342663611913537;0,22910648470963244;91,6392735000166;0,0458308619324098096;0,45864230939164380;0,0737;0,3448495495495496;Não significativo
2925402;Potiraguá;BA;Bahia;0;70326,4331202720;0,0000000000000000;0,50727032607756850;0,0000000000000000;0,625;;87,0658682634730;76,197604790419163;3,74251497005987988;5,00000000000000000;90,8083832335329;0,0369438706321327526;0,41468526821417467;0,2934;0,4660287066246057;Não significativo
2925501;Prado;BA;Bahia;3;258615,6634522467;1,1600225446336700;1,04880775384918690;0,4102945202908657;0,621;;60,6277244986922;5,614646904969486;2,25806451612903203;0,46207497820401050;71,1508282476024;0,0291914647469471260;0,31041643754722847;0,4467;0,4984820359281438;Não significativo
2925600;Presidente Dutra;BA;Bahia;2;122447,8036119519;1,6333490197490026;1,97851026850467870;0,5777078692355109;0,614;;96,4451027587484;1,777448620625810;0,00000000000000000;0,00000000000000000;91,4089983336419;0,0170214155118068207;0,28760462049864810;0,4368;0,4984820359281438;Não significativo
2925709;Presidente Jânio Quadros;BA;Bahia;1;100422,1992641889;0,9957957576384260;1,16479920588268970;0,3522082778287396;0,542;;41,7249943553850;18,627229622939716;7,90246105215624262;0,54188304357642814;42,9668096635809;-0,3620687352507347967;-5,21607947988739795;0,0080;0,1387586206896552;Não significativo
2925758;Presidente Tancredo Neves;BA;Bahia;130;226510,1583232541;57,3925694822375903;56,95333620859997126;20,2994819996461047;0,559;;54,8902821316614;27,377220480668758;1,04493207941483801;4,95297805642633282;59,2371995820272;-0,4193799067977000417;-0,28807116546698786;0,4770;0,4984820359281438;Não significativo
2925808;Queimadas;BA;Bahia;1;209190,1518783644;0,4780339757970343;0,50553051306332020;0,1690783698038541;0,592;;66,6629760850310;33,547387068201949;5,17050487156775862;1,15146147032772372;69,6634189548273;0,0429167291288202815;0,48646432421072378;0,0979;0,3655862318840580;Não significativo
2925907;Quijingue;BA;Bahia;6;214440,7126598623;2,7979761518126325;1,88521582285167444;0,9896310104522823;0,544;;78,3549783549784;8,202323991797677;0,20505809979494191;0,12531328320802004;77,3524720893142;0,0279767630828937318;0,50956975842203700;0,0939;0,3636190839694657;Não significativo
2925931;Quixabeira;BA;Bahia;1;74608,3745776096;1,3403321083744750;1,47829234254598973;0,4740691652761073;0,578;;82,8808864265928;0,470914127423823;1,27423822714681445;0,00000000000000000;77,0360110803324;0,0251172044792793009;0,33937794378396180;0,4402;0,4984820359281438;Não significativo
2925956;Rafael Jambeiro;BA;Bahia;5;170298,5287840515;2,9360206665908963;2,90898892138082488;1,0384567063249599;0,564;;62,3419626730885;20,018061408789887;1,02347983142685139;0,51173991571342570;57,2396146899458;0,0084222279159351775;0,26295528027991294;0,3808;0,4866932668329177;Não significativo
2926004;Remanso;BA;Bahia;1;332541,0006242197;0,3007147985129290;0,28479225008729769;0,1063614104493029;0,579;;63,4775436754892;54,247581914973388;0,57734123116143055;0,04498762840218940;65,6819374671965;0,0521659814199938801;0,44555162482448263;0,0095;0,1541451612903226;Não significativo
2926103;Retirolândia;BA;Bahia;3;113642,7872905934;2,6398507741003989;1,47858400751956709;0,9337028077683067;0,636;;83,0146910847253;28,818675789897362;0,34212115113704972;0,12074864157778226;88,1465083517810;0,0280638755451074889;0,33823913759727370;0,3717;0,4866932668329177;Não significativo
2926202;Riachão das Neves;BA;Bahia;0;177619,8627384249;0,0000000000000000;1,60922454734247644;0,0000000000000000;0,578;;68,4430803571429;0,781250000000000;7,63113839285714235;0,13950892857142858;54,8967633928571;0,0296301411853600628;0,41153136031239357;0,2080;0,4384483333333333;Não significativo
2926301;Riachão do Jacuípe;BA;Bahia;3;271738,0506264045;1,1040043869765264;1,24771061575478015;0,3904811612920766;0,628;;86,1142217245241;59,550471924492079;0,46392577187649980;1,08782594784834430;83,0507118860982;0,0267239507351212865;0,43122830997490574;0,3633;0,4866932668329177;Não significativo
2926400;Riacho de Santana;BA;Bahia;1;268284,2871415897;0,3727389369889709;0,50086952040871890;0,1318360096129964;0,615;;63,7263637263637;0,752400752400752;0,68310068310068306;0,00000000000000000;49,8762498762499;0,0365038272709250350;0,46644888249401423;0,2594;0,4520062068965517;Não significativo
2926509;Ribeira do Amparo;BA;Bahia;1;115750,8760132812;0,8639243472207164;1,41604715268563708;0,3055659799460718;0,512;;82,1866555809603;3,824568696736645;0,47807108709208063;0,24942839326543340;45,3959675743089;0,0248707330397647357;0,28881210107910382;0,4942;0,4984820359281438;Não significativo
2926608;Ribeira do Pombal;BA;Bahia;7;436391,4126693450;1,6040645614866669;1,66369454327291688;0,5673500940264805;0,601;;90,6024970211884;23,524840698337044;0,01036108376936228;0,22794384292597006;77,2418795005958;0,0242921000109537072;0,41667820844149939;0,3498;0,4866932668329177;Não significativo
2926657;Ribeirão do Largo;BA;Bahia;0;62051,3699364455;0,0000000000000000;0,14445762131157636;0,0000000000000000;0,540;;54,0810157194680;23,972188633615477;13,96614268440145068;1,84401451027811358;47,4002418379686;-0,0384425035989143585;-0,33410957876088143;0,1324;0,3904098837209302;Não significativo
2926707;Rio de Contas;BA;Bahia;0;105695,6699452053;0,0000000000000000;0,03308529681333502;0,0000000000000000;0,605;;80,3336259877085;29,170324846356454;4,52151009657594383;0,98770851624231781;67,0324846356453;0,0359868140408345291;0,42694790040709840;0,3707;0,4866932668329177;Não significativo
2926806;Rio do Antônio;BA;Bahia;0;115121,6885652193;0,0000000000000000;0,03873817264986414;0,0000000000000000;0,576;;66,9417897480452;24,218071242397915;8,01476976542137365;0,02172024326672459;49,6090356211990;0,0364001942103051590;0,35921280786324350;0,4178;0,4910126168224299;Não significativo
2926905;Rio do Pires;BA;Bahia;0;89361,9151480466;0,0000000000000000;0,34061543642142222;0,0000000000000000;0,594;;65,3725378247217;5,224093634027976;25,00713673993719510;0,08564087924636027;62,5178418498430;0,0506338101910139074;0,63204649072120611;0,0013;0,0541692307692308;Não significativo
2927002;Rio Real;BA;Bahia;6;308887,2628411794;1,9424562686111861;1,88523065916773058;0,6870376499169626;0,572;;78,6612864941847;3,093599177150091;0,25318458738824273;1,22636284516180072;83,6933301685260;0,0210126986376958855;0,35334223701397832;0,4512;0,4984820359281438;Não significativo
2927101;Rodelas;BA;Bahia;0;80078,6211076782;0,0000000000000000;0,42289149997662068;0,0000000000000000;0,632;;96,2800875273523;71,053454204438879;1,53172866520787743;0,34385745545482965;95,0296967802438;0,0439932286294114627;0,47981888085794144;0,0946;0,3636190839694657;Não significativo
2927200;Ruy Barbosa;BA;Bahia;0;239752,4284596423;0,0000000000000000;0,45572798593244213;0,0000000000000000;0,610;;80,7817589576547;63,508044615536477;0,47379330766952915;0,49353469548909285;84,1575362748001;0,0411051032552304241;0,52126980934893685;0,1186;0,3882128205128205;Não significativo
2927309;Salinas da Margarida;BA;Bahia;2;124497,7378373575;1,6064548920662147;0,41192107784777210;0,5681955427145333;0,617;;98,1801125703565;23,095684803001877;0,09380863039399624;0,58161350844277682;98,7992495309568;0,0461341396242485047;0,51194063941984336;0,0433;0,2792294871794872;Não significativo
2927408;Salvador;BA;Bahia;71;21559658,8356539421;0,3293187547225232;0,33001364053589544;0,1164784952816003;0,759;;99,1253683853637;94,972224395587205;0,00845004303262656;1,36786375609628874;98,1418251049735;0,0459699697473271510;0,61371504316057468;0,0275;0,2344491525423729;Não significativo
2927507;Santa Bárbara;BA;Bahia;4;169135,0173432009;2,3649744818267799;1,66578994355860344;0,8364803554983365;0,583;;71,8307924735613;9,380579590715561;0,30215629721192144;0,06867188572998215;68,6032138442522;0,0266630762367470672;0,38690166905308432;0,3178;0,4790476190476191;Não significativo
2927606;Santa Brígida;BA;Bahia;0;117275,2891158058;0,0000000000000000;0,45411278709689551;0,0000000000000000;0,546;;49,4662600076249;31,910026686999622;0,66717499046892870;0,11437285550895920;49,0278307281738;0,0446449261957838767;0,34616368844797835;0,1748;0,4167033175355451;Não significativo
2927705;Santa Cruz Cabrália;BA;Bahia;4;232449,7888503835;1,7208017351973610;1,08428920718890875;0,6086394835381871;0,654;;68,4684684684685;36,754839946329312;1,34176729921410787;0,09584052137243627;82,8157945179222;0,0418016231545136618;0,39223557074219850;0,0409;0,2706934210526316;Não significativo
2927804;Santa Cruz da Vitória;BA;Bahia;0;43953,9574556679;0,0000000000000000;0,93721993438199813;0,0000000000000000;0,610;;90,4846335697399;75,118203309692660;2,18676122931442096;6,85579196217494147;86,5248226950355;0,0280200182697689232;0,29910583124291951;0,4941;0,4984820359281438;Não significativo
2927903;Santa Inês;BA;Bahia;0;84491,7147528737;0,0000000000000000;0,42448959659256191;0,0000000000000000;0,574;;89,8639266870314;77,478478200499850;0,49986114968064421;0,38878089419605666;95,9455706748126;-0,1244554855881346844;-1,44469540291687037;0,0603;0,3108540000000000;Não significativo
2928000;Santaluz;BA;Bahia;2;306426,9800843918;0,6526840421979775;0,91487452141481018;0,2308512771876258;0,598;;73,6576308949127;53,776457482361685;2,57705161529892335;0,17823988117341255;80,6164129223914;0,0294604062098067949;0,44815200903188640;0,3445;0,4866932668329177;Não significativo
2928059;Santa Luzia;BA;Bahia;11;106904,4540750607;10,2895619225337267;8,94938789439197713;3,6393696765111949;0,556;;62,2812565886570;51,612903225806448;9,76175416403120444;2,61437908496732030;63,9257853679106;-0,0162634469989275596;-0,16283989484305830;0,2778;0,4587622149837134;Não significativo
2928109;Santa Maria da Vitória;BA;Bahia;0;318316,5248927802;0,0000000000000000;0,33941681950899028;0,0000000000000000;0,614;;83,6930274675521;19,853607002716572;3,49381225475399937;0,03773015393902807;70,0875339571385;0,0474974515313136211;0,55810197968007769;0,0207;0,1957127272727272;Não significativo
2928208;Santana;BA;Bahia;0;207558,5897121875;0,0000000000000000;0,10103325653115031;0,0000000000000000;0,608;;74,7528879361677;5,263784685006550;1,61962605692509221;0,27390734786233178;57,4133619149696;0,0537891608135537061;0,63835581769597116;0,0011;0,0541692307692308;Não significativo
2928307;Santanópolis;BA;Bahia;1;71458,1716266658;1,3994200764392828;1,46406979316991315;0,4949683017836381;0,592;;65,0181338608638;1,681503461918892;0,06594131223211341;0,23079459281239698;66,6996373227827;0,0248167730214499845;0,36749187716416015;0,4165;0,4910126168224299;Não significativo
2928406;Santa Rita de Cássia;BA;Bahia;0;226828,8280894417;0,0000000000000000;0,03127805132805447;0,0000000000000000;0,605;;62,5095806416293;12,153728238256871;7,40172999014562549;0,03284791415745100;65,7505748384978;0,0506701102566592329;0,42066777006497968;0,0807;0,3499318965517241;Não significativo
2928505;Santa Terezinha;BA;Bahia;0;84546,0640385219;0,0000000000000000;0,26003053415916672;0,0000000000000000;0,587;;86,1699476700723;9,244953899825568;0,57313730376277094;0,04983802641415400;65,5619237478196;0,0090614274597443749;0,09297701912350149;0,2422;0,4479010600706714;Não significativo
2928604;Santo Amaro;BA;Bahia;3;469924,9034614571;0,6383998757891021;0,74453478358418068;0,2257990346845844;0,646;;82,0473126602487;58,395820231241835;0,15480625030235595;6,25030235595762207;87,3639398190702;0,0196261664443410540;0,24715474910902424;0,3595;0,4866932668329177;Não significativo
2928703;Santo Antônio de Jesus;BA;Bahia;25;835929,5534547125;2,9906826354781351;2,97803634654373450;1,0577903877318382;0,700;;91,6416115453999;73,581008653821016;0,03660226411148004;2,12293131846584249;90,0546419514236;0,0100746543019606862;0,31898057672934965;0,4457;0,4984820359281438;Não significativo
2928802;Santo Estêvão;BA;Bahia;2;428151,4493179648;0,4671244259913058;0,58892124118593125;0,1652197133278765;0,626;;87,5007180194152;19,254408639209604;0,20104543626859669;0,13785972772703772;69,6306508127980;0,0084829174824750508;0,09591127780767268;0,2276;0,4437317829457364;Não significativo
2928901;São Desidério;BA;Bahia;7;272349,3646365459;2,5702281366955271;2,06484914242989159;0,9090776082430357;0,579;;73,8888888888889;1,101532567049808;6,29310344827586210;0,11494252873563218;65,1436781609195;0,0224890567015097291;0,39859260857312118;0,3131;0,4772403030303030;Não significativo
2928950;São Domingos;BA;Bahia;1;70624,4588565933;1,4159400527663555;1,34651449587296357;0,5008113397432781;0,640;;92,0806985847636;73,682625715146045;0,24089129780186691;0,12044564890093346;88,5877747666366;0,0257956707950256527;0,36929639393175789;0,4279;0,4970755196304850;Não significativo
2929008;São Félix;BA;Bahia;1;103440,6672016399;0,9667377706010643;0,94381505080407269;0,3419306044272477;0,639;;64,1730279898219;60,585241730279890;0,27989821882951654;2,54452926208651364;66,0559796437659;0,0377773960211800972;0,43551018467388525;0,1412;0,3990089887640449;Não significativo
2929057;São Félix do Coribe;BA;Bahia;0;123890,5905215754;0,0000000000000000;0,06556943039824990;0,0000000000000000;0,639;;80,5919180421172;4,040978941377348;3,58565737051792865;0,07588692847656991;76,0956175298805;0,0516137149147186391;0,52134999045400587;0,0184;0,1928166666666667;Não significativo
2929107;São Felipe;BA;Bahia;10;167028,0531604325;5,9870182348320125;4,25132636510280371;2,1175802022096040;0,616;;50,4632152588556;16,566757493188010;0,05449591280653951;1,34877384196185290;77,5068119891008;0,0025580900450516073;0,36646568918021910;0,4965;0,4984820359281438;Não significativo
2929206;São Francisco do Conde;BA;Bahia;2;320641,3223107732;0,6237499226820029;0,58983571776022281;0,2206174151460960;0,674;;95,3954882924043;55,582524271844655;0,52826956025128502;10,22272986864648736;96,7946887492861;0,0303525109605810479;0,31569694362501516;0,4940;0,4984820359281438;Não significativo
2929255;São Gabriel;BA;Bahia;6;151106,5395119281;3,9707083620470116;2,77501719536616998;1,4044208797127211;0,592;;81,7132157902949;1,778748634732407;0,20283975659229209;0,01560305819940708;83,5543766578249;0,0117042038437962462;0,29127162743864360;0,4261;0,4961303240740740;Não significativo
2929305;São Gonçalo dos Campos;BA;Bahia;30;315232,3694476138;9,5167891712927286;8,47832765886140294;3,3660435875217738;0,627;;82,1918830199940;13,197552969262908;0,58191584601611457;0,38048343777976723;85,2432109817965;-0,0356569010791923102;-0,30707274882441382;0,3664;0,4866932668329177;Não significativo
2929354;São José da Vitória;BA;Bahia;0;44117,5704825854;0,0000000000000000;0,22182026703170707;0,0000000000000000;0,546;;83,8427947598253;75,448811256671519;7,61766132945172192;4,60941290635613754;83,6001940805434;0,0252433591867862496;0,23956935555856390;0,3703;0,4866932668329177;Não significativo
2929370;São José do Jacuípe;BA;Bahia;4;83618,8588225684;4,7836098893523928;3,35341995344059418;1,6919403281341312;0,552;;83,9622641509434;35,193920335429766;0,73375262054507340;0,13102725366876311;81,1844863731656;0,0102635460480725218;0,36973891492576594;0,4103;0,4891527058823530;Não significativo
2929404;São Miguel das Matas;BA;Bahia;1;88822,9268813628;1,1258354516234974;1,18955284085958435;0,3982027062208405;0,593;;52,7777777777778;19,025157232704405;1,20545073375262057;1,91299790356394128;41,9287211740042;0,0284041350222458758;0,35142558834357662;0,4023;0,4887847826086957;Não significativo
2929503;São Sebastião do Passé;BA;Bahia;21;346221,3393690812;6,0654840161696217;5,50568837579266201;2,1453331801686044;0,657;;75,8791644632470;56,643310417768376;0,05288207297726071;4,56107879428873542;85,8209941829720;-0,0085641682921025163;-0,55234801069108241;0,1003;0,3655862318840580;Não significativo
2929602;Sapeaçu;BA;Bahia;7;143126,1470759276;4,8907904970616860;4,77426424525843007;1,7298496051805139;0,614;;81,5007078810760;10,224948875255624;0,03146138115463269;0,01573069057731634;74,8466257668712;-0,0000945653850000100;-0,02275124849534656;0,1846;0,4248310810810811;Não significativo
2929701;Sátiro Dias;BA;Bahia;0;136762,7493055449;0,0000000000000000;0,45315052508516629;0,0000000000000000;0,527;;86,2762391956253;24,695713529723054;0,05291938613512083;0,00000000000000000;60,7161756923620;0,0293731733313994658;0,34687206736698240;0,4933;0,4984820359281438;Não significativo
2929750;Saubara;BA;Bahia;1;95066,2471188749;1,0518980503664541;0,62686338972436928;0,3720513950065468;0,617;;96,5470548408937;33,039945836154367;0,04513653802753329;1,17354998871586558;95,5089144662604;0,0409315342877159885;0,48198173854410475;0,1127;0,3830277027027027;Não significativo
2929800;Saúde;BA;Bahia;0;94159,8373902207;0,0000000000000000;1,09892877023081037;0,0000000000000000;0,549;;76,8511498610058;29,466767753348496;5,00379075056861211;0,00000000000000000;73,8943644174880;0,0317492158258476515;0,41409965298808399;0,2850;0,4609485530546624;Não significativo
2929909;Seabra;BA;Bahia;2;367377,1679692772;0,5443996454802152;0,82984095326903773;0,1925515951583162;0,635;;78,2455477943490;3,083506387263231;0,10068592284941161;0,30205776854823485;74,7530048455100;0,0208576144680003642;0,28186873677778279;0,4014;0,4887847826086957;Não significativo
2930006;Sebastião Laranjeiras;BA;Bahia;3;83918,1762952826;3,5749108625095842;2,71908403275141186;1,2644291649341810;0,615;;78,4794219289978;2,356267672007540;0,59692114357524340;0,00000000000000000;58,8752748978951;0,0193585683326823188;0,54138008620587741;0,0859;0,3549860655737705;Não significativo
2930105;Senhor do Bonfim;BA;Bahia;20;623658,9511215901;3,2068809345287104;3,20515341264839959;1,1342587096683481;0,666;;95,8393753485778;63,253392823944978;0,10782673359360476;0,25655326268823203;91,3255251905559;0,0101089624417547760;0,32019337453521074;0,4898;0,4984820359281438;Não significativo
2930154;Serra do Ramalho;BA;Bahia;0;267532,7078035528;0,0000000000000000;0,22210966246407712;0,0000000000000000;0,595;;89,4774073746573;3,236360420903705;3,14793527279158214;0,05305508886727386;38,3323017066054;0,0532967400629665577;0,50852674559046995;0,0033;0,0829950000000000;Não significativo
2930204;Sento Sé;BA;Bahia;2;321325,8159584819;0,6224212001249277;0,73251575058101326;0,2201474522245331;0,585;;82,5670825499915;37,181678345581950;2,70893864296701414;0,12818321654418049;74,8675440095710;0,0354128670711978261;0,51887361923966369;0,1957;0,4326241228070176;Não significativo
2930303;Serra Dourada;BA;Bahia;0;138961,0934989683;0,0000000000000000;0,05694633561824589;0,0000000000000000;0,608;;58,7995930824008;0,966429298067141;0,03390979993218040;0,00000000000000000;49,1861648016277;0,0547103682566831978;0,49574617872373439;0,0046;0,0964083333333333;Não significativo
2930402;Serra Preta;BA;Bahia;0;132944,2642452466;0,0000000000000000;0,96609941078887207;0,0000000000000000;0,566;;58,2575887497856;20,768307322929171;0,84033613445378152;0,51449151089007039;69,5249528382782;0,0352686321111417914;0,48394219612135231;0,1670;0,4142352941176471;Não significativo
2930501;Serrinha;BA;Bahia;4;656211,3187283751;0,6095597387364963;0,72502186564941595;0,2155984137984976;0,634;;93,9673969473575;57,425674038694495;0,07960405634582772;0,93794344650953521;80,6389090783235;0,0173466996165275687;0,21831038998142013;0,3297;0,4814220289855072;Não significativo
2930600;Serrolândia;BA;Bahia;1;108289,7358048082;0,9234485545356722;1,31860817218457727;0,3266194122254387;0,590;;94,6923076923077;4,788461538461538;0,21153846153846154;0,00000000000000000;86,7500000000000;0,0152276532024759499;0,20378392830283115;0,3169;0,4790476190476191;Não significativo
2930709;Simões Filho;BA;Bahia;20;1012995,2667146152;1,9743428875896687;1,59830041212308083;0,6983157971374598;0,675;;94,1779359430605;71,957295373665474;0,60972716488730716;3,94306049822064075;94,2752075919336;0,0365344097761146278;0,50926457908607115;0,0033;0,0829950000000000;Não significativo
2930758;Sítio do Mato;BA;Bahia;0;107133,9604579134;0,0000000000000000;0,34215269791122965;0,0000000000000000;0,564;;87,1193210184723;31,877184223664500;1,29805292061907140;0,09985022466300550;55,1672491263105;0,0521443603715104551;0,51461794079990630;0,0031;0,0829950000000000;Não significativo
2930766;Sítio do Quinto;BA;Bahia;6;97565,5290689401;6,1497129747130082;3,33294080761405986;2,1751245668102079;0,533;;72,2710408123413;32,122632298379223;0,09763718023823471;0,03905487209529389;75,2782659636790;0,0064823537293787759;0,17934624740440200;0,3108;0,4772403030303030;Não significativo
2930774;Sobradinho;BA;Bahia;2;198241,4977629595;1,0088705052014042;1,08926611335438284;0,3568327545719657;0,631;;92,0939147101102;83,696693818878771;2,49161475802587429;0,01197891710589363;90,3449928126497;0,0253230499091408150;0,26562773836597797;0,4504;0,4984820359281438;Não significativo
2930808;Souto Soares;BA;Bahia;14;137865,2325599307;10,1548445101371918;10,03737911191349852;3,5917207611088502;0,592;;73,3321659954474;0,735422868149186;0,08755034144633164;0,01751006828926633;58,3435475398354;0,0961010027142896600;0,77891781929215886;0,0975;0,3655862318840580;Não significativo
2930907;Tabocas do Brejo Velho;BA;Bahia;0;98952,9461056973;0,0000000000000000;0,36921182358657861;0,0000000000000000;0,584;;62,4393978055626;0,229650421025772;0,00000000000000000;0,05103342689461597;39,4743557029855;0,0505848995820360539;0,45252739814024684;0,0148;0,1815707317073171;Não significativo
2931004;Tanhaçu;BA;Bahia;0;167499,3403342109;0,0000000000000000;0,07603999663133645;0,0000000000000000;0,577;;47,6060191518468;19,083447332421340;24,30916552667578401;0,88919288645690830;49,1244870041040;-0,4534667058113014959;-4,66486597341614928;0,0148;0,1815707317073171;Não significativo
2931053;Tanque Novo;BA;Bahia;0;139813,3189650725;0,0000000000000000;0,38723229777038837;0,0000000000000000;0,599;;65,7818181818182;4,254545454545455;1,92727272727272703;0,01818181818181818;55,5090909090909;0,0291504491674844171;0,28808351470867810;0,4546;0,4984820359281438;Não significativo
2931103;Tanquinho;BA;Bahia;1;63230,8732312352;1,5815059145917565;1,30933188031316372;0,5593712066772858;0,597;;82,1579961464355;49,942196531791907;0,11560693641618498;0,65510597302504814;83,0443159922929;0,0330266845841805726;0,32910643356900421;0,2718;0,4572421404682274;Não significativo
2931202;Taperoá;BA;Bahia;0;158113,6036229347;0,0000000000000000;0,14540936913401578;0,0000000000000000;0,566;;59,7178186429930;31,880152187698162;5,26315789473684159;9,17882054533925107;60,5897273303741;-0,1272066243206672331;-1,19089812394501293;0,0677;0,3274336538461539;Não significativo
2931301;Tapiramutá;BA;Bahia;0;132300,0248846009;0,0000000000000000;0,69356250685890741;0,0000000000000000;0,594;;80,0626713670192;1,370936153544849;6,03211907559733618;0,05875440658049354;81,4923619271445;0,0318879737948283004;0,29900000750736455;0,4581;0,4984820359281438;Não significativo
2931350;Teixeira de Freitas;BA;Bahia;6;1247164,8316265740;0,4810911795977037;0,53221549926629852;0,1701596884149706;0,685;;78,4418356456777;76,111068760481785;0,41164811709102000;1,04817807592620826;96,7334959597500;0,0323126823203604766;0,30234488339260623;0,4845;0,4984820359281438;Não significativo
2931400;Teodoro Sampaio;BA;Bahia;0;58468,8671049506;0,0000000000000000;0,66184233141230520;0,0000000000000000;0,594;;85,1993865030675;25,383435582822084;0,26840490797546013;0,72852760736196309;84,1257668711656;0,0353070226257211489;0,40919087368534562;0,3021;0,4733841121495327;Não significativo
2931509;Teofilândia;BA;Bahia;7;176469,0360714149;3,9667015561682923;3,45576776385346474;1,4030036913110704;0,566;;82,1733821733822;26,007326007326011;0,43413376746710081;0,18993352326685661;78,1169447836115;0,0068683967902911014;0,22681001808651094;0,3635;0,4866932668329177;Não significativo
2931608;Teolândia;BA;Bahia;2;122773,7432930327;1,6290128054713284;2,05133426302610200;0,5761741706318354;0,555;;41,2249208025343;25,364308342133050;1,45723336853220697;4,94192185850052823;44,3928194297782;-0,1528305789923490587;-2,86421224433244204;0,0319;0,2431166666666666;Não significativo
2931707;Terra Nova;BA;Bahia;2;95765,8568147443;2,0884269890352778;2,31277507167113638;0,7386668074621965;0,578;;84,3007915567282;68,443271767810018;0,15831134564643798;10,94986807387862804;90,8179419525066;0,0150756890917797572;0,24194308768942094;0,3932;0,4867264705882353;Não significativo
2931806;Tremedal;BA;Bahia;17;131312,3174842106;12,9462340819962556;12,87095036418801719;4,5790221291977939;0,528;;38,3713022781367;10,030601836110167;22,27133628017680778;1,90411424685481134;34,9710982658960;0,1489617602454425538;0,85492717777178118;0,0996;0,3655862318840580;Não significativo
2931905;Tucano;BA;Bahia;3;403502,1063408115;0,7434905426407115;0,96146666676686710;0,2629691094752815;0,579;;73,3076436418013;49,565767527463045;0,09202277563697014;0,27031690343359982;79,9160292172313;0,0218818408220560513;0,28001010192280107;0,4066;0,4891527058823530;Não significativo
2932002;Uauá;BA;Bahia;2;197434,9953093808;1,0129916415608078;0,78939169610892723;0,3582903811271191;0,605;;54,4413919413919;13,679029304029305;0,48076923076923078;0,29761904761904762;59,6039377289377;0,0417416960246289048;0,51129201318191753;0,0477;0,2856321428571428;Não significativo
2932101;Ubaíra;BA;Bahia;132;155368,0991951663;84,9595255935954299;84,16836709464698174;30,0497847725639673;0,582;;54,3132389432200;41,877098233834474;10,90351773463727802;9,58984089913881199;63,5527660195592;0,1270029092679946237;0,10519175711483879;0,2075;0,4384483333333333;Não significativo
2932200;Ubaitaba;BA;Bahia;3;147046,5323879799;2,0401705169657105;0,97276151599011684;0,7215987201648368;0,611;;88,7263206530109;76,081934390882495;3,32665947943939644;7,42337902356383772;92,9000462036039;0,0402613601121621367;0,50247356716644531;0,0391;0,2657743243243244;Não significativo
2932309;Ubatã;BA;Bahia;1;172699,4999301047;0,5790404722681434;0,67951965178977458;0,2048038927323434;0,593;;85,4657113613101;68,764926646195832;0,69941999317639036;16,08665984305697805;89,5769361992494;0,0333232315067426219;0,34751142441470928;0,3986;0,4887847826086957;Não significativo
2932408;Uibaí;BA;Bahia;2;110408,1627352248;1,8114602674770506;1,76801469201259742;0,6407049801822335;0,617;;96,9019286007386;1,231021748050882;0,00000000000000000;0,04103405826836274;97,2302010668855;0,0239441246374116658;0,31672408523625628;0,4335;0,4984820359281438;Não significativo
2932457;Umburanas;BA;Bahia;0;132310,4504430798;0,0000000000000000;0,71881934400237579;0,0000000000000000;0,515;;74,4035674470457;22,140468227424751;0,13377926421404682;0,04459308807134894;70,3901895206243;0,0188343267946834564;0,19894068725995642;0,3227;0,4805129411764706;Não significativo
2932507;Una;BA;Bahia;1;148192,4937248504;0,6747980109280729;0,79068898261969667;0,2386728839605415;0,560;;67,5410781204958;35,831651772845206;7,04814067454597915;2,70971461516287127;76,1746901124243;0,0126519303921936756;0,15580114671788023;0,2800;0,4587622149837134;Não significativo
2932606;Urandi;BA;Bahia;0;129143,9531560331;0,0000000000000000;0,61923361614214423;0,0000000000000000;0,598;;71,2950340798442;10,399221032132425;0,93476144109055492;2,33690360272638742;59,8442064264849;0,0208435987949139728;0,21316335176989079;0,3423;0,4866932668329177;Não significativo
2932705;Uruçuca;BA;Bahia;1;169351,1060074582;0,5904892052821671;0,58680857425462085;0,2088532557741716;0,616;;71,0667006109980;58,617617107942976;2,40580448065173114;5,51171079429735222;78,0549898167006;0,0444415366094507783;0,35197260446552631;0,1314;0,3904098837209302;Não significativo
2932804;Utinga;BA;Bahia;5;142957,7002338816;3,4975380772213764;2,98970241606547615;1,2370627745392264;0,590;;82,9733378332771;1,805602429969625;4,92743840701991243;0,01687478906513669;84,9983125210935;0,0119843823290662708;0,31161916467211509;0,4896;0,4984820359281438;Não significativo
2932903;Valença;BA;Bahia;0;741076,2832345631;0,0000000000000000;0,03294558698564611;0,0000000000000000;0,623;;74,8776711056054;60,857850727779493;1,47104366676989784;5,11613502632393935;75,8501083926912;-0,1074330688886761531;-1,08609614281211342;0,0761;0,3448495495495496;Não significativo
2933000;Valente;BA;Bahia;1;213875,0511498603;0,4675627169338743;1,35775169686228558;0,1653747347736759;0,637;;90,7084528801589;56,278967115427058;0,14345619068638268;0,05517545795630104;93,1472081218274;0,0296215872046118357;0,34462515946138794;0,3521;0,4866932668329177;Não significativo
2933059;Várzea da Roça;BA;Bahia;2;112857,4570346626;1,7721469653402939;1,67389301682025171;0,6268000500445661;0,539;;75,4521963824289;16,895249453388988;1,51063406877360351;0,15901411250248459;77,4796263168356;0,0252204571886052963;0,40111727403331154;0,3355;0,4860887931034483;Não significativo
2933109;Várzea do Poço;BA;Bahia;0;69757,6022769288;0,0000000000000000;0,98800012407793569;0,0000000000000000;0,575;;81,8012422360248;32,111801242236027;4,06832298136645942;0,15527950310559005;84,5652173913043;0,0128336027940685032;0,12964956501967337;0,2512;0,4479010600706714;Não significativo
2933158;Várzea Nova;BA;Bahia;3;105349,9713078316;2,8476514637427175;2,86717649503824523;1,0072009347377535;0,555;;79,9794238683128;59,444444444444443;0,08230452674897119;0,00000000000000000;79,5884773662551;0,0052992828141248359;0,11098623264294362;0,2424;0,4479010600706714;Não significativo
2933174;Varzedo;BA;Bahia;1;75891,6851876123;1,3176674065517113;1,98064493513797024;0,4660527667975389;0,586;;57,2059635560464;29,431253451131973;0,71783545002760907;0,74544450579790167;60,5742683600221;0,0094710408107081361;0,14963037301603835;0,2652;0,4537265306122449;Não significativo
2933208;Vera Cruz;BA;Bahia;0;350264,3620114889;0,0000000000000000;0,29160463416658677;0,0000000000000000;0,645;;96,5798537675993;30,171007311620034;0,00000000000000000;2,09076077104356761;90,4284246782283;0,0508753093323684319;0,44199804447333968;0,0214;0,1957127272727272;Não significativo
2933257;Vereda;BA;Bahia;2;49138,4203765432;4,0701349059945038;3,97012800377573383;1,4395875808616174;0,577;;59,4318686196183;40,612516644474034;8,47758544163337646;16,77762982689747062;74,8779405237461;-0,0096464215996469628;-0,66985210430472297;0,1256;0,3904098837209302;Não significativo
2933307;Vitória da Conquista;BA;Bahia;21;2905928,3752784114;0,7226606195339563;0,72707969169313091;0,2556016636025112;0,678;;90,5230049348858;80,870926007700589;0,46869794934963316;0,13015083552188161;93,2034923807532;-0,0391402507997991936;-0,54255025739557616;0,1482;0,4032156756756757;Não significativo
2933406;Wagner;BA;Bahia;1;76267,4709902910;1,3111749832734096;1,01936453307939723;0,4637564272075724;0,587;;85,4878048780488;0,792682926829268;6,28048780487804859;0,00000000000000000;77,7134146341463;0,0343555225564695574;0,30992633293234878;0,3391;0,4866932668329177;Não significativo
2933455;Wanderley;BA;Bahia;1;101905,9260603989;0,9812972009177435;0,38899266234032059;0,3470802064803497;0,600;;64,7141848976711;3,246294989414256;5,55163490943307458;0,18819101387908727;58,5979769466008;0,0513488860599958657;0,55406780921094401;0,0013;0,0541692307692308;Não significativo
2933505;Wenceslau Guimarães;BA;Bahia;1;184555,4211092049;0,5418426584219822;0,62834414868274635;0,1916472008572736;0,544;;46,0382349404833;28,664181796320786;4,66514368161596682;9,46254659131898457;53,9737886257064;-0,0661012618204364771;-0,94020505128934395;0,0969;0,3655862318840580;Não significativo
2933604;Xique-Xique;BA;Bahia;0;370617,5428829031;0,0000000000000000;0,06365951014866203;0,0000000000000000;0,585;;81,0886768730124;20,619776643739367;2,25575031432586348;0,22187708009762588;74,0107980178981;0,0535026006353533437;0,49959250192974691;0,0124;0,1732555555555556;Não significativo
3106655;Berizal;MG;Norte de Minas;0;35982,8296733886;0,0000000000000000;1,54901067886053556;0,0000000000000000;0,604;;83,4051724137931;17,959770114942529;1,36494252873563227;0,00000000000000000;82,6867816091954;0,0123790364125506390;0,13874392348134582;0,2621;0,4530457044673540;Não significativo
3107307;Bocaiúva;MG;Norte de Minas;1;397038,1507583203;0,2518649651400141;2,15976885500216298;0,0890834540485863;0,700;;83,4194429597957;79,832531623017999;1,35399964368430425;0,06532454421283924;85,4029336658947;0,0149337109484250826;0,34533942997580896;0,4695;0,4984820359281438;Não significativo
3108255;Bonito de Minas;MG;Norte de Minas;58;86755,5049171206;66,8545472191172934;66,25727552091669281;23,6461390405072223;0,537;;51,2331469911213;0,493258796448537;27,55672476159158180;0,06576783952647156;37,5534363696153;7,3099190554815409726;4,68463601001151275;0,0156;0,1833155555555556;Não significativo
3108503;Botumirim;MG;Norte de Minas;0;48468,4440931024;0,0000000000000000;0,00765086409998085;0,0000000000000000;0,602;;62,5599232981783;26,270373921380635;7,71812080536912770;0,09587727708533077;57,9578139980825;0,0447294069531622221;0,36435655392133520;0,2673;0,4557691525423728;Não significativo
3108602;Brasília de Minas;MG;Norte de Minas;4;260576,3143906807;1,5350589363248195;1,62575722460305006;0,5429431288307373;0,656;;59,3040565686639;54,540379605508008;4,23334573874209141;0,02791216970599181;68,2452549311500;-0,4571642020864423173;-8,19560247173437340;0,0002;0,0503000000000000;Não significativo
3109402;Buritizeiro;MG;Norte de Minas;4;208223,8699191937;1,9210093451592731;1,92211386979669441;0,6794519739228841;0,624;;89,6526418786693;5,418297455968689;2,31164383561643838;0,00000000000000000;89,3835616438356;0,0188758880743633214;0,34783023788681905;0,4989;0,4998000000000000;Não significativo
3111150;Campo Azul;MG;Norte de Minas;1;30360,7424073505;3,2937270985767979;4,00432376544791246;1,1649757895923980;0,621;;45,2194357366771;0,313479623824451;10,50156739811912310;0,00000000000000000;58,3072100313480;-0,0950456379850105754;-6,50702427637227743;0,0024;0,0798882352941176;Não significativo
3112703;Capitão Enéas;MG;Norte de Minas;1;118253,7471564498;0,8456391649703913;4,30283644619697991;0,2990985969503409;0,639;;73,0811283621255;53,597200962169254;0,04373496610540127;0,06560244915810190;82,6153509731030;0,0002905994177573130;0,03284178564647638;0,1922;0,4315919642857143;Não significativo
3115474;Catuti;MG;Norte de Minas;0;39006,8858955344;0,0000000000000000;1,37658731999493478;0,0000000000000000;0,621;;49,7079439252336;28,738317757009348;0,05841121495327102;0,00000000000000000;66,0046728971963;0,0301109348466268717;0,30054768595546166;0,3775;0,4866932668329177;Não significativo
3116159;Chapada Gaúcha;MG;Norte de Minas;12;105896,4431559464;11,3318253591656717;12,12997777387670517;4,0080133539361533;0,635;;68,3153013910355;0,953116950025760;16,15146831530138982;0,02575991756826378;67,6197836166924;0,3875442252759792594;2,08107613534080338;0,0349;0,2543742857142857;Não significativo
3116506;Claro dos Poções;MG;Norte de Minas;1;59000,3501024285;1,6949051967724502;5,55645075918975184;0,5994799996476408;0,670;;75,6882373972113;33,571683947086164;6,11369324276010051;0,03575259206292456;73,8291026099392;-0,0007567256809896569;-0,02737709444786407;0,2007;0,4384483333333333;Não significativo
3117836;Cônego Marinho;MG;Norte de Minas;62;60070,9287660293;103,2113224709480050;99,46386647013524396;36,5053595188328615;0,621;;82,7222924568057;0,168563000421408;2,44416350611040878;0,00000000000000000;58,6177833965445;7,8913985759123628227;3,54630934671186582;0,0204;0,1957127272727272;Não significativo
3118809;Coração de Jesus;MG;Norte de Minas;20;209852,0932803715;9,5305220392913270;9,53772164449892479;3,3709008383689820;0,642;;65,6804733727811;29,639591178052715;3,22754168908015027;0,48413125336202256;47,3480365788058;0,1404403413143273938;1,62759347468295723;0,0471;0,2854373493975904;Não significativo
3120300;Cristália;MG;Norte de Minas;0;44466,9529455362;0,0000000000000000;0,00000000000000000;0,0000000000000000;0,583;;61,4849187935035;37,064965197215777;4,87238979118329407;0,00000000000000000;59,7447795823666;0,0596483300529202509;0,33880974387177126;0,0006;0,0541692307692308;Não significativo
3120870;Curral de Dentro;MG;Norte de Minas;1;61266,1656892741;1,6322222694198578;3,92700718543677896;0,5773093429414120;0,585;;74,1909053666530;52,642359688652199;0,28676771814829988;0,12290045063498567;85,9074149938550;0,0019407613353155306;0,09395532453663817;0,2218;0,4419640316205534;Não significativo
3123809;Engenheiro Navarro;MG;Norte de Minas;0;54487,4363686605;0,0000000000000000;0,00213773934287958;0,0000000000000000;0,655;;69,1503267973856;60,174291938997825;0,00000000000000000;0,00000000000000000;79,5206971677560;0,0479476949836491403;0,33588133595332725;0,2137;0,4390004065040651;Não significativo
3124302;Espinosa;MG;Norte de Minas;2;250567,4117572058;0,7981883940829287;1,00247523314604114;0,2823154823731571;0,627;;83,5885582201676;14,061446595396321;1,27130887026870854;0,03852451122026389;64,1914668207647;0,0309087426960802172;0,45461018233643274;0,2913;0,4660287066246057;Não significativo
3126604;Francisco Dumont;MG;Norte de Minas;0;39059,3974015081;0,0000000000000000;0,57906305404309699;0,0000000000000000;0,625;;72,0283855706682;37,315198107628625;9,10703725606150272;0,00000000000000000;76,6410408042578;0,0306062347515531491;0,34244236773269082;0,4628;0,4984820359281438;Não significativo
3126703;Francisco Sá;MG;Norte de Minas;1;199980,8781026164;0,5000478093144830;3,99184829032732313;0,1768645592228338;0,654;;69,1893246460343;52,875579501315627;2,14258864803909299;0,10023806540533768;66,4202480892119;0,0023212879058420177;0,17682462935017515;0,2963;0,4686757861635220;Não significativo
3127073;Fruta de Leite;MG;Norte de Minas;0;39759,9567752465;0,0000000000000000;2,03736017153683724;0,0000000000000000;0,544;;62,1822690638562;0,309981401115933;8,12151270923744484;0,24798512089274644;60,8183508989461;0,0151073758911877826;0,28204727462755158;0,4108;0,4891527058823530;Não significativo
3127339;Gameleiras;MG;Norte de Minas;0;39741,8731342072;0,0000000000000000;0,54373078332033864;0,0000000000000000;0,650;;75,9015455065827;0,400686891814539;0,11448196908986834;0,05724098454493417;56,7258156840298;0,0421110828320429703;0,51457237844760229;0,0876;0,3582341463414634;Não significativo
3127354;Glaucilândia;MG;Norte de Minas;0;24496,3323571373;0,0000000000000000;6,11038805979178523;0,0000000000000000;0,679;;49,4912118408881;43,200740055504163;1,57261794634597596;0,00000000000000000;59,3894542090657;-0,0012698479629841227;-0,02672623781032771;0,1870;0,4248310810810811;Não significativo
3127800;Grão Mogol;MG;Norte de Minas;0;119472,6775827396;0,0000000000000000;0,02690922497766545;0,0000000000000000;0,604;;44,7242455775234;26,243496357960456;6,82622268470343396;0,14568158168574402;56,2955254942768;0,0348133150357366333;0,42691936773690381;0,3900;0,4867264705882353;Não significativo
3128253;Guaraciama;MG;Norte de Minas;0;40524,4366766790;0,0000000000000000;0,04061737014752709;0,0000000000000000;0,677;;72,3209477652127;0,215401184706516;1,56165858912224009;0,05385029617662897;64,7280560043080;0,0022556843331994190;0,00920653335723740;0,1803;0,4234558139534884;Não significativo
3129608;Ibiaí;MG;Norte de Minas;3;58642,9795852937;5,1157018644262893;5,10781544163361723;1,8093996984159555;0,614;;75,8355916892502;52,574525745257446;0,90334236675700086;0,72267389340560073;85,0045167118338;-0,0007903970086284956;-0,07169310949468606;0,2092;0,4384483333333333;Não significativo
3129657;Ibiracatu;MG;Norte de Minas;0;42526,9177097092;0,0000000000000000;0,37038400386060671;0,0000000000000000;0,591;;83,5963923337091;0,676437429537768;0,00000000000000000;0,39458850056369782;67,0236753100338;-0,0401792452500114167;-0,39408210325790427;0,1313;0,3904098837209302;Não significativo
3130051;Icaraí de Minas;MG;Norte de Minas;3;91462,8604771416;3,2800198729294716;3,50631126439188767;1,1601276083242793;0,624;;72,7411477411477;21,245421245421245;1,83150183150183166;0,24420024420024419;54,5787545787546;-0,2578771750681094765;-8,49637944702603853;0,0004;0,0503000000000000;Não significativo
3130655;Indaiabira;MG;Norte de Minas;4;54796,4786050721;7,2997391471607296;5,33350637680978412;2,5818834172559861;0,610;;57,1362372567192;19,833178869323447;9,22150139017608872;0,13901760889712697;51,7145505097312;-0,0033886080862104082;-0,18095371582200906;0,3076;0,4772403030303030;Não significativo
3132008;Itacambira;MG;Norte de Minas;1;38604,4950393302;2,5903719216666388;2,48110172268629725;0,9162023702830482;0,628;;37,4056280027454;7,824296499656828;16,67810569663692633;0,13726835964310227;40,7000686341798;0,0145101515304110040;0,31139963976599483;0,4720;0,4984820359281438;Não significativo
3132107;Itacarambi;MG;Norte de Minas;0;142228,7947465408;0,0000000000000000;0,98388438002852008;0,0000000000000000;0,641;;85,6259370314843;47,676161919040474;1,53673163418290848;0,26236881559220393;80,6034482758621;-0,1945304773218300420;-3,09596277808881970;0,0380;0,2657743243243244;Não significativo
3135050;Jaíba;MG;Norte de Minas;1;311747,9096337554;0,3207719984954543;0,33022644169847609;0,1134555477859242;0,638;;86,7520661157025;27,628099173553718;1,03305785123966953;0,03305785123966942;74,9669421487603;0,0289063414807158858;0,35509449532141052;0,4960;0,4984820359281438;Não significativo
3135100;Janaúba;MG;Norte de Minas;8;576818,4232878158;1,3869182531308002;1,37650654572697362;0,4905464656556731;0,696;;94,5444064725985;32,437106270844481;0,56408778358792766;0,05764400708197802;90,3446288137687;0,0272058118103720194;0,47222582612678415;0,2917;0,4660287066246057;Não significativo
3135209;Januária;MG;Norte de Minas;393;536651,4063532156;73,2318960404127921;72,95640352549773411;25,9017773360433345;0,658;;77,2701845981727;24,477904158120456;6,76859966436695881;0,13052396046988626;60,7122878985642;4,9399566295856622844;3,63779831948732646;0,0285;0,2358327868852459;Não significativo
3135357;Japonvar;MG;Norte de Minas;8;65608,1976678150;12,1935981849483195;12,08814753175819590;4,3128183508647719;0,608;;71,4335664335664;1,188811188811189;0,03496503496503497;0,38461538461538464;62,5874125874126;0,0960202635549026601;0,61746460553720384;0,1199;0,3882128205128205;Não significativo
3135605;Jequitaí;MG;Norte de Minas;2;55797,9888751449;3,5843585769287358;2,90695916612421934;1,2677707771066196;0,643;;79,6348884381339;2,718052738336714;3,56997971602434072;0,08113590263691683;78,6612576064909;0,0033487376879867891;0,08065158873534732;0,2259;0,4437317829457364;Não significativo
3136405;Joaquim Felício;MG;Norte de Minas;0;34326,4558099480;0,0000000000000000;0,02632337198078910;0,0000000000000000;0,637;;65,3898768809850;38,987688098495212;0,75239398084815323;0,13679890560875513;66,3474692202462;0,0457241637913948992;0,39528927793832580;0,2194;0,4414328000000000;Não significativo
3136579;Josenópolis;MG;Norte de Minas;0;33923,4817258071;0,0000000000000000;0,96158540098303502;0,0000000000000000;0,564;;69,3993506493506;51,948051948051940;12,33766233766233711;0,00000000000000000;68,0194805194805;0,0212317152971793523;0,18523323288217136;0,3232;0,4805129411764706;Não significativo
3136801;Juramento;MG;Norte de Minas;2;32523,4271719235;6,1494134348994418;7,09069153671056718;2,1750186209864100;0,669;;72,8323699421965;54,913294797687861;8,74277456647398843;0,00000000000000000;79,7687861271676;-0,0081452426192813333;-0,16573034931453420;0,2789;0,4587622149837134;Não significativo
3136959;Juvenília;MG;Norte de Minas;3;46391,5818249812;6,4666904683654103;6,28384672053428073;2,2872380160726826;0,592;;85,1851851851852;15,359477124183007;7,51633986928104569;0,05446623093681918;76,9063180827887;-0,0161173240572111860;-0,41211396221046676;0,2145;0,4390004065040651;Não significativo
3137304;Lagoa dos Patos;MG;Norte de Minas;0;29503,9702938947;0,0000000000000000;4,01324793565220883;0,0000000000000000;0,634;;76,7827529021559;66,832504145936980;0,74626865671641784;0,00000000000000000;78,9386401326700;-0,0003510814477209705;-0,03202669974889125;0,2127;0,4390004065040651;Não significativo
3138104;Lassance;MG;Norte de Minas;2;55151,0546959260;3,6264039029297832;1,56068491725071357;1,2826420112407115;0,629;;71,7136150234742;4,381846635367762;4,34272300469483596;0,00000000000000000;78,9123630672926;0,0310587704846640444;0,38492375610090002;0,2020;0,4384483333333333;Não significativo
3138658;Lontra;MG;Norte de Minas;3;73748,5539363119;4,0678763716380830;4,42851004743666721;1,4387887478780563;0,646;;93,6591809775429;38,309114927344787;0,06605019815059446;0,00000000000000000;77,6750330250991;-0,0021802311930212612;-0,42393728178367396;0,1146;0,3859686666666667;Não significativo
3138682;Luislândia;MG;Norte de Minas;31;51963,2176545403;59,6575835740059404;59,40423274561897671;21,1006068351359382;0,614;;44,3715295305401;0,403836446239273;3,12973245835436664;0,05047955577990913;50,4795557799091;10,3694589351870565253;7,04892700957486529;0,0027;0,0798882352941176;Não significativo
3139250;Mamonas;MG;Norte de Minas;0;50415,2973793885;0,0000000000000000;0,79099890182160115;0,0000000000000000;0,618;;61,6071428571429;8,928571428571429;0,55272108843537415;0,08503401360544217;56,4625850340136;0,0402927196921662872;0,34043720129731947;0,2029;0,4384483333333333;Não significativo
3139300;Manga;MG;Norte de Minas;3;149536,4011304658;2,0062004818362555;2,01181111223237563;0,7095836784467425;0,642;;79,1074055909760;27,023050514958314;7,65080922020598297;0,03269576589831617;72,6663397090077;-0,0102900112503820553;-0,19705711613451293;0,1810;0,4234558139534884;Não significativo
3140852;Matias Cardoso;MG;Norte de Minas;0;80553,9104640170;0,0000000000000000;0,00373451648465904;0,0000000000000000;0,616;;72,7556325823224;8,110918544194108;8,73483535528596278;0,00000000000000000;61,6637781629116;0,0476051797731343734;0,47583863497207268;0,1075;0,3755034722222222;Não significativo
3141009;Mato Verde;MG;Norte de Minas;3;98369,5880635322;3,0497230486138087;2,21151112638269609;1,0786727042845097;0,662;;76,5442764578834;24,298056155507560;6,69546436285097268;0,02159827213822894;76,4146868250540;0,0243639956346816886;0,43120789460962189;0,1713;0,4162507246376812;Não significativo
3142007;Mirabela;MG;Norte de Minas;116;110006,7094412737;105,4481136552182221;102,77206718584713485;37,2965020446281699;0,665;;85,0407578761842;49,217889402952189;1,05750165234633164;0,02203128442388191;79,5329367702137;1,6927761448067391026;0,75560085135279287;0,0850;0,3549860655737705;Não significativo
3142254;Miravânia;MG;Norte de Minas;11;35577,9788643763;30,9180013905009190;29,77771433592141292;10,9355517335000734;0,593;;70,2363367799114;0,147710487444609;1,55096011816839008;0,00000000000000000;49,7784342688331;1,1736142123432868889;2,02266291009463295;0,0344;0,2543742857142857;Não significativo
3142700;Montalvânia;MG;Norte de Minas;2;115654,9114100692;1,7292823760062774;2,62312021294087661;0,6116390463212987;0,613;;72,9983319432861;17,243536280233528;20,66305254378648826;0,20850708924103420;69,1201000834028;-0,1485013837544411630;-3,70496281655414972;0,0273;0,2344491525423729;Não significativo
3142908;Monte Azul;MG;Norte de Minas;2;164965,1210635964;1,2123774935605764;1,07712665963311482;0,4288122195840303;0,659;;72,7837453086580;17,328846900478840;4,08955610198006969;0,95768085932444669;68,8624304387214;0,0348230682902691407;0,48837565084373308;0,1463;0,4032156756756757;Não significativo
3143302;Montes Claros;MG;Norte de Minas;269;3355433,6803059899;8,0168474668070111;8,01811144391709973;2,8355212584918861;0,770;;92,0778745415996;93,689095768558744;0,16574929038585054;0,11947761348646727;96,2374911082412;0,1083866243536932839;1,94057437969758007;0,0530;0,3069443181818182;Não significativo
3143450;Montezuma;MG;Norte de Minas;0;60874,3507051065;0,0000000000000000;0,70205358633469939;0,0000000000000000;0,587;;67,0930745478606;33,833259814733132;2,11733568592853993;0,04411116012351125;54,5655050727834;0,0195879935363588616;0,26486595354490328;0,3771;0,4866932668329177;Não significativo
3144656;Ninheira;MG;Norte de Minas;0;84457,2567411202;0,0000000000000000;0,01275697350415290;0,0000000000000000;0,556;;73,4379716269242;7,123453063688499;11,01720495019619683;0,00000000000000000;58,0440688198008;0,0470502826321816670;0,19106796247129582;0,4376;0,4984820359281438;Não significativo
3145059;Nova Porteirinha;MG;Norte de Minas;0;56968,8984865561;0,0000000000000000;0,76173513048018582;0,0000000000000000;0,641;;95,5634427684117;32,298136645962735;0,35492457852706299;0,13309671694764863;80,3904170363798;0,0417155917557093039;0,29256457072930159;0,2406;0,4479010600706714;Não significativo
3145372;Novorizonte;MG;Norte de Minas;2;39657,4054169171;5,0431942760098938;3,33732690388646525;1,7837541052812571;0,616;;83,6835599505562;10,197775030902347;4,63535228677379418;0,00000000000000000;80,1606922126082;0,0062259746927084431;0,16056629230887889;0,2850;0,4609485530546624;Não significativo
3145455;Olhos-D'água;MG;Norte de Minas;0;46415,0821710609;0,0000000000000000;0,00297052430362233;0,0000000000000000;0,626;;68,1420483787957;2,727740607308286;6,53628409675759148;0,00000000000000000;72,7740607308286;0,0319630520046742944;0,13847678832985894;0,2919;0,4660287066246057;Não significativo
3146255;Padre Carvalho;MG;Norte de Minas;0;45858,4820319114;0,0000000000000000;0,64082908273123229;0,0000000000000000;0,599;;81,3683567501527;48,564447159437997;6,29199755650580350;0,00000000000000000;78,9248625534514;0,0236525722720476554;0,22451684083111847;0,3588;0,4866932668329177;Não significativo
3146552;Pai Pedro;MG;Norte de Minas;0;46758,3460193375;0,0000000000000000;0,67177659652694166;0,0000000000000000;0,590;;35,3892821031345;0,252780586450961;3,33670374115267920;0,00000000000000000;38,9282103134479;0,0400274392169773785;0,51141502470369893;0,1015;0,3672985611510792;Não significativo
3147956;Patis;MG;Norte de Minas;11;43321,9825772883;25,3912663862405701;24,14159115326896554;8,9807715459617086;0,614;;89,1148325358852;2,631578947368421;3,22966507177033524;0,23923444976076555;55,7416267942584;1,4698582452247925811;2,95818730455285905;0,0177;0,1926382978723404;Não significativo
3149150;Pedras de Maria da Cruz;MG;Norte de Minas;15;90263,5891521568;16,6179964046350896;17,21847283928046934;5,8777072002408932;0,614;;59,1935945095796;20,102945381755791;3,23134114955676299;0,20017157563625965;62,6251072347727;0,3928129033221588462;1,44626674364365204;0,0586;0,3108540000000000;Não significativo
3150570;Pintópolis;MG;Norte de Minas;1;58761,1226061875;1,7018054721349063;1,72259638884980348;0,6019205946022913;0,594;;50,3514938488576;2,284710017574692;9,88576449912126520;0,13181019332161686;43,4094903339192;-0,0106169943323551515;-0,12092618534544308;0,1245;0,3904098837209302;Não significativo
3151206;Pirapora;MG;Norte de Minas;12;453549,2095070902;2,6457989008604823;2,11067004377016998;0,9358066322387428;0,731;;97,6672258335081;49,711679597399872;0,10484378276368211;0,39840637450199201;96,9542881107150;0,0205229326464767305;0,22165224139134043;0,4477;0,4984820359281438;Não significativo
3152131;Ponto Chique;MG;Norte de Minas;0;32213,8808559445;0,0000000000000000;0,66389643676451471;0,0000000000000000;0,606;;70,6761006289308;39,701257861635220;1,41509433962264164;0,00000000000000000;70,3616352201258;-0,5076478613988364419;-5,68695152051013242;0,0037;0,0868818181818182;Não significativo
3152204;Porteirinha;MG;Norte de Minas;0;304389,0299621414;0,0000000000000000;0,16549631166193793;0,0000000000000000;0,651;;79,3898156277436;28,563067017851917;8,17237342698273395;0,02926543751829090;62,9938542581212;0,0461714610399064640;0,54780021574790261;0,0609;0,3108540000000000;Não significativo
3154507;Riacho dos Machados;MG;Norte de Minas;0;73235,7605114299;0,0000000000000000;0,11285310142887378;0,0000000000000000;0,627;;73,5240854762767;41,398044186888811;3,00615718942412169;0,00000000000000000;58,5657370517928;0,0412039974458259101;0,46756604682748965;0,2258;0,4437317829457364;Não significativo
3155603;Rio Pardo de Minas;MG;Norte de Minas;2;239099,8378924813;0,8364706633131898;1,85533262748765937;0,2958557410191095;0,624;;48,0777537796976;20,464362850971924;11,18790496760259323;0,08639308855291576;46,6090712742981;0,0172875050242110272;0,40801586700744663;0,4797;0,4984820359281438;Não significativo
3156502;Rubelita;MG;Norte de Minas;6;45936,2455946385;13,0615811595632376;7,01892128065109500;4,6198198482388859;0,582;;66,1792452830189;20,754716981132077;11,83962264150943433;1,88679245283018870;54,3396226415094;-0,0166701004528883069;-0,26516874754314418;0,4353;0,4984820359281438;Não significativo
3157005;Salinas;MG;Norte de Minas;17;330896,9595261760;5,1375509839506979;4,85580972795839116;1,8171276292699854;0,679;;91,7203867848509;73,562986838571049;2,81359118990061763;1,21541767391888267;83,2728982003760;-0,0004226199102122411;-0,09252119145236813;0,2476;0,4479010600706714;Não significativo
3157377;Santa Cruz de Salinas;MG;Norte de Minas;1;32199,9632032908;3,1055936110442532;4,73392194281001455;1,0984338595455216;0,577;;51,7525773195876;34,158075601374570;0,96219931271477666;0,13745704467353953;53,2646048109966;-0,0000402394513434759;-0,01766027279291125;0,1747;0,4167033175355451;Não significativo
3157609;Santa Fé de Minas;MG;Norte de Minas;0;29481,4702741575;0,0000000000000000;0,00589956009396966;0,0000000000000000;0,615;;69,9838187702265;0,404530744336570;10,03236245954692585;0,00000000000000000;54,3689320388349;0,0380803514158599976;0,22403314327387339;0,4662;0,4984820359281438;Não significativo
3160454;Santo Antônio do Retiro;MG;Norte de Minas;1;55932,7570251992;1,7878610910409327;1,26950961506432702;0,6323580624262738;0,570;;58,0835603996367;27,792915531335151;3,31516802906448671;0,00000000000000000;56,1307901907357;0,0326086062543386318;0,36659505903870654;0,2635;0,4537265306122449;Não significativo
3161106;São Francisco;MG;Norte de Minas;18;440307,4027744441;4,0880530026475270;4,25940237933983390;1,4459251274074039;0,638;;78,2036509187943;41,106192006792405;2,26817878585723820;0,04851719328036874;67,2569591849112;-0,0188557947546992670;-2,64661456335818990;0,0354;0,2543742857142857;Não significativo
3162252;São João da Lagoa;MG;Norte de Minas;5;39311,5808252448;12,7188983374312379;8,04246755874350150;4,4986145451445649;0,634;;59,9567099567100;0,595238095238095;5,84415584415584366;0,10822510822510822;58,0627705627706;0,0129915079001494353;0,17674761651904100;0,1723;0,4166677884615385;Não significativo
3162401;São João da Ponte;MG;Norte de Minas;5;197025,9039169834;2,5377373739174640;3,91027923039036995;0,8975857782009571;0,569;;88,7552235025959;15,588198049892366;0,34190198809674560;0,11396732936558188;38,2043814106623;-0,0060829414313662653;-0,48506100693613186;0,1563;0,4137836842105263;Não significativo
3162450;São João das Missões;MG;Norte de Minas;2;105551,6478358495;1,8948069888120891;1,91466769114434698;0,6701843236710063;0,529;;59,6388888888889;0,472222222222222;0,83333333333333337;0,00000000000000000;24,1388888888889;-0,0476639062382276588;-0,54340952737348491;0,0859;0,3549860655737705;Não significativo
3162658;São João do Pacuí;MG;Norte de Minas;0;33817,8005932499;0,0000000000000000;0,09155222807807445;0,0000000000000000;0,625;;48,0528511821975;1,112656467315716;7,30180806675938854;0,00000000000000000;56,1196105702364;-0,0053061779507640183;-0,03956401894061960;0,1483;0,4032156756756757;Não significativo
3162708;São João do Paraíso;MG;Norte de Minas;1;192122,5179296560;0,5205011941214208;0,98287817639334085;0,1840988252692210;0,615;;72,4980504289056;41,590850012997137;4,12009357941252929;0,10397712503249285;63,5300233948531;-0,0120672809633694950;-0,18750869568394279;0,1947;0,4326241228070176;Não significativo
3164209;São Romão;MG;Norte de Minas;1;91581,3213791199;1,0919257168831316;1,44557956870515358;0,3862089924668697;0,640;;73,1055480378890;48,680649526387008;4,33017591339648167;0,43978349120433019;70,2976995940460;-0,4689094117243993720;-6,18848147005426075;0,0058;0,1122076923076923;Não significativo
3166956;Serranópolis de Minas;MG;Norte de Minas;0;37017,2355458195;0,0000000000000000;0,10917974873323344;0,0000000000000000;0,633;;68,0865006553080;0,131061598951507;7,86369593709043269;0,00000000000000000;53,4076015727392;0,0494942352190008913;0,36108883060696978;0,1335;0,3904098837209302;Não significativo
3168002;Taiobeiras;MG;Norte de Minas;14;272733,3233655964;5,1332194494008103;4,68137514005731603;1,8155955858640267;0,670;;78,1878622570747;60,441527446300711;1,11660415956358694;0,22161609273781110;93,8288441868394;-0,0001637810543264478;-0,18420973605586419;0,3051;0,4751247678018576;Não significativo
3170008;Ubaí;MG;Norte de Minas;276;97770,7361902721;282,2930569560968479;281,10935877600303456;99,8457270688823257;0,609;;62,4235686492496;3,585325180655920;2,00111172873818788;0,02779321845469705;59,9777654252362;5,4959701618946361634;1,32274149389150808;0,0794;0,3472886956521739;Não significativo
3170651;Vargem Grande do Rio Pardo;MG;Norte de Minas;2;38828,7639897756;5,1508206661603824;4,04200011308545992;1,8218210534812833;0,634;;76,7441860465116;0,281888653981677;0,49330514446793516;0,00000000000000000;67,6532769556025;0,0040051433131187307;0,25253338110829726;0,4069;0,4891527058823530;Não significativo
3170800;Várzea da Palma;MG;Norte de Minas;2;295696,5714237960;0,6763690192178708;1,51648374777100936;0,2392285422066829;0,666;;92,2543886664614;51,709270095472746;0,47736372035725283;0,01539882968894364;91,1225746843240;0,0213287788294466568;0,31164703803942928;0,4807;0,4984820359281438;Não significativo
3170909;Varzelândia;MG;Norte de Minas;21;153540,0810468157;13,6772104435694022;13,55149727927106085;4,8375650316638215;0,594;;71,3741064336775;15,011914217633043;0,07942811755361398;0,00000000000000000;57,4583002382844;-0,0847765902100464236;-0,40244031735131736;0,2394;0,4479010600706714;Não significativo
3171030;Verdelândia;MG;Norte de Minas;0;68489,8445133936;0,0000000000000000;0,51473571622116920;0,0000000000000000;0,584;;66,0174880763116;23,012718600953896;0,83465818759936405;0,15898251192368840;64,2686804451510;-0,0017838997442470824;-0,01683556535539726;0,1707;0,4162507246376812;Não significativo
