code_muni;name_muni;uf;regiao;pop_central;casos_sinan;pessoa_ano;inc_sinan_bruta;inc_sinan_ebl;rme_sinan;examinados;positivos;posit_ebl;idhm;ivs;pct_agua_rede;pct_esgoto_adeq;cluster;p_lisa_aj;Gi_cluster;n_anos_AA;classe_persistencia;RR_anual;classe_tendencia
3170008;Ubaí;MG;Norte de Minas;11708,00000000001;276;97770,7361902721;282,2930569560968479;281,10935877600303456;99,8457270688823257;0;0;;0,609;;62,4235686492496;3,585325180655920;Não significativo;0,3472886956521739;Hot spot;0;Sem cluster relevante;5,78873762860435e-01;Decrescente
2902005;Aracatu;BA;Bahia;13936,00000000001;248;109343,9175775272;226,8073117319603966;225,79239858952385589;80,2206798445565994;0;0;;0,581;;43,9548513132190;1,367484263077925;Não significativo;0,4860887931034483;Hot spot;0;Sem cluster relevante;1,29947296908146e+00;Estável
3142007;Mirabela;MG;Norte de Minas;13650,99999999999;116;110006,7094412737;105,4481136552182221;102,77206718584713485;37,2965020446281699;0;0;;0,665;;85,0407578761842;49,217889402952189;Não significativo;0,3549860655737705;Não significativo;0;Sem cluster relevante;6,49360554701775e-01;Decrescente
3117836;Cônego Marinho;MG;Norte de Minas;7237,00000000000;62;60070,9287660293;103,2113224709480050;99,46386647013524396;36,5053595188328615;0;0;;0,621;;82,7222924568057;0,168563000421408;Não significativo;0,1957127272727272;Hot spot;0;Sem cluster relevante;1,31339597717317e+00;Crescente
2932101;Ubaíra;BA;Bahia;18626,00000000001;132;155368,0991951663;84,9595255935954299;84,16836709464698174;30,0497847725639673;0;0;;0,582;;54,3132389432200;41,877098233834474;Não significativo;0,4384483333333333;Não significativo;0;Sem cluster relevante;1,40588916968408e+00;Estável
3135209;Januária;MG;Norte de Minas;65150,00000000002;393;536651,4063532156;73,2318960404127921;72,95640352549773411;25,9017773360433345;0;0;;0,658;;77,2701845981727;24,477904158120456;Não significativo;0,2358327868852459;Hot spot;0;Sem cluster relevante;3,17849328126207e+00;Crescente
3108255;Bonito de Minas;MG;Norte de Minas;10204,00000000001;58;86755,5049171206;66,8545472191172934;66,25727552091669281;23,6461390405072223;0;0;;0,537;;51,2331469911213;0,493258796448537;Não significativo;0,1833155555555556;Hot spot;0;Sem cluster relevante;1,12694761746185e+00;Estável
3138682;Luislândia;MG;Norte de Minas;6210,00000000000;31;51963,2176545403;59,6575835740059404;59,40423274561897671;21,1006068351359382;0;0;;0,614;;44,3715295305401;0,403836446239273;Não significativo;0,0798882352941176;Hot spot;0;Sem cluster relevante;1,05266571390968e+00;Estável
2925758;Presidente Tancredo Neves;BA;Bahia;27734,00000000001;130;226510,1583232541;57,3925694822375903;56,95333620859997126;20,2994819996461047;0;0;;0,559;;54,8902821316614;27,377220480668758;Não significativo;0,4984820359281438;Não significativo;0;Sem cluster relevante;8,07196330498523e-01;Decrescente
2918456;Jucuruçu;BA;Bahia;9655,00000000000;42;75569,4345688482;55,5780260096236631;53,77260703938537034;19,6576865043023759;0;0;;0,541;;39,0968848242355;35,124321234638465;Não significativo;0,4866932668329177;Não significativo;0;Sem cluster relevante;1,25089633087721e+00;Estável
2924702;Piripá;BA;Bahia;9152,00000000000;41;79140,3559096668;51,8066914518284634;49,81450584564483819;18,3237832018147593;0;0;;0,575;;65,0276582667486;4,609711124769515;Não significativo;0,3521000000000000;Não significativo;0;Sem cluster relevante;6,58402936908680e-01;Decrescente
2903235;Barro Alto;BA;Bahia;13452,99999999999;49;114924,0834427279;42,6368421066581789;40,53508911102230883;15,0804505996847862;0;0;;0,607;;64,3218197135636;1,095197978096040;Não significativo;0,4162507246376812;Não significativo;0;Sem cluster relevante;2,89313444821633e-01;Decrescente
2918209;Jiquiriçá;BA;Bahia;13629,00000000001;36;113789,7760345890;31,6372887394180005;31,50982284696877755;11,1899602871445349;0;0;;0,553;;49,2518703241895;31,566916043225270;Não significativo;0,2543742857142857;Não significativo;0;Sem cluster relevante;4,60856166166906e+10;Crescente
3142254;Miravânia;MG;Norte de Minas;3985,00000000000;11;35577,9788643763;30,9180013905009190;29,77771433592141292;10,9355517335000734;0;0;;0,593;;70,2363367799114;0,147710487444609;Não significativo;0,2543742857142857;Não significativo;0;Sem cluster relevante;1,10441890070101e+00;Estável
2912806;Ibirapuã;BA;Bahia;8896,00000000000;22;71175,6853184759;30,9094319240635258;28,85090625206251858;10,9325207535097757;0;0;;0,614;;62,1621621621622;50,450450450450447;Não significativo;0,4590485436893204;Não significativo;0;Sem cluster relevante;1,00468759860524e+00;Estável
2910404;Encruzilhada;BA;Bahia;19107,00000000001;43;144370,8148283052;29,7844131801419145;28,78149488557613367;10,5346069129634099;0;0;;0,544;;65,2077480408103;44,137217211296765;Não significativo;0,4384483333333333;Não significativo;0;Sem cluster relevante;1,35850595088543e+00;Estável
2925006;Planalto;BA;Bahia;23333,99999999998;57;200442,3990338817;28,4370972781886451;27,73788170625252647;10,0580676127321862;0;0;;0,560;;68,7357151449537;0,421027306628173;Não significativo;0,4567510067114094;Não significativo;0;Sem cluster relevante;9,02130323975309e-01;Estável
2909000;Cordeiros;BA;Bahia;7546,00000000000;18;65218,7309856044;27,5994330585382244;26,49605679162034022;9,7617897164479999;0;0;;0,579;;70,4433497536946;4,926108374384237;Não significativo;0,3108540000000000;Não significativo;0;Sem cluster relevante;9,78587830013417e-01;Estável
3147956;Patis;MG;Norte de Minas;4837,00000000000;11;43321,9825772883;25,3912663862405701;24,14159115326896554;8,9807715459617086;0;0;;0,614;;89,1148325358852;2,631578947368421;Não significativo;0,1926382978723404;Não significativo;0;Sem cluster relevante;7,19267640934448e-01;Estável
3149150;Pedras de Maria da Cruz;MG;Norte de Minas;10433,00000000001;15;90263,5891521568;16,6179964046350896;17,21847283928046934;5,8777072002408932;0;0;;0,614;;59,1935945095796;20,102945381755791;Não significativo;0,3108540000000000;Não significativo;0;Sem cluster relevante;7,40945703815567e-01;Estável
2908101;Cocos;BA;Bahia;19150,99999999998;20;153479,1541495877;13,0310856290666646;13,89551188953686633;4,6090337224743587;0;0;;0,596;;65,9094519459889;1,270849880857824;Não significativo;0,2397109375000000;Não significativo;0;Sem cluster relevante;8,39187312878138e-01;Estável
3170909;Varzelândia;MG;Norte de Minas;18840,00000000001;21;153540,0810468157;13,6772104435694022;13,55149727927106085;4,8375650316638215;0;0;;0,594;;71,3741064336775;15,011914217633043;Não significativo;0,4479010600706714;Não significativo;0;Sem cluster relevante;2,13878455940980e+00;Crescente
2931806;Tremedal;BA;Bahia;16296,00000000000;17;131312,3174842106;12,9462340819962556;12,87095036418801719;4,5790221291977939;0;0;;0,528;;38,3713022781367;10,030601836110167;Não significativo;0,3655862318840580;Não significativo;0;Sem cluster relevante;9,81390671647158e-01;Estável
2905404;Cairu;BA;Bahia;17760,99999999999;18;146126,8743373126;12,3180626983436490;12,16099531758522545;4,3568408640935132;0;0;;0,627;;84,4658708295072;35,935108662381388;Não significativo;0,4479010600706714;Não significativo;0;Sem cluster relevante;1,17368308251130e+00;Estável
3116159;Chapada Gaúcha;MG;Norte de Minas;12354,99999999999;12;105896,4431559464;11,3318253591656717;12,12997777387670517;4,0080133539361533;0;0;;0,635;;68,3153013910355;0,953116950025760;Não significativo;0,2543742857142857;Não significativo;0;Sem cluster relevante;1,25701186155926e+00;Estável
3135357;Japonvar;MG;Norte de Minas;8127,00000000000;8;65608,1976678150;12,1935981849483195;12,08814753175819590;4,3128183508647719;0;0;;0,608;;71,4335664335664;1,188811188811189;Não significativo;0,3882128205128205;Não significativo;0;Sem cluster relevante;1,18187188893380e+00;Estável
2907301;Castro Alves;BA;Bahia;24712,00000000001;26;205901,6299346935;12,6273891120951784;11,88275609794525067;4,4662481623659414;0;0;;0,613;;89,1683896163565;60,429588789340684;Não significativo;0,4866932668329177;Não significativo;0;Sem cluster relevante;1,89030096804950e+00;Crescente
2906204;Canarana;BA;Bahia;24205,99999999999;23;203785,3841963973;11,2863835111127724;11,18810977122650918;3,9919407859207765;0;0;;0,587;;85,5370905587669;2,324181117533719;Não significativo;0,3882128205128205;Não significativo;0;Sem cluster relevante;7,19563611032955e-01;Decrescente
2906899;Caraíbas;BA;Bahia;9940,00000000001;8;76075,7325937466;10,5158369525285309;10,72038626465784006;3,7194020908077974;0;0;;0,555;;36,6956521739130;6,782608695652175;Não significativo;0,1740108108108108;Hot spot;0;Sem cluster relevante;7,60093910310623e-01;Estável
2930808;Souto Soares;BA;Bahia;17053,99999999999;14;137865,2325599307;10,1548445101371918;10,03737911191349852;3,5917207611088502;0;0;;0,592;;73,3321659954474;0,735422868149186;Não significativo;0,3655862318840580;Não significativo;0;Sem cluster relevante;1,33520117514073e+00;Crescente
2902252;Arataca;BA;Bahia;10191,00000000000;10;85376,1044445618;11,7128792242956035;10,02966320235388054;4,1427903145406892;0;0;;0,559;;61,4232209737828;30,048977239988478;Não significativo;0,4866932668329177;Não significativo;0;Sem cluster relevante;5,67902199134282e-01;Decrescente
3118809;Coração de Jesus;MG;Norte de Minas;25377,00000000002;20;209852,0932803715;9,5305220392913270;9,53772164449892479;3,3709008383689820;0;0;;0,642;;65,6804733727811;29,639591178052715;Não significativo;0,2854373493975904;Não significativo;0;Sem cluster relevante;1,35648348945420e+00;Crescente
2921203;Miguel Calmon;BA;Bahia;24661,00000000000;21;204074,8472801192;10,2903421366645826;9,23951062013662572;3,6396456345811701;0;0;;0,586;;87,4542715730579;44,071443942328386;Não significativo;0,4867264705882353;Não significativo;0;Sem cluster relevante;2,48544217365890e+00;Crescente
2921450;Mirante;BA;Bahia;10187,00000000000;7;75785,6370904142;9,2365786826451330;9,17174114397188056;3,2669344550725929;0;0;;0,527;;28,5382830626450;14,472157772621811;Não significativo;0,4142352941176471;Não significativo;0;Sem cluster relevante;1,06106087142349e+00;Estável
2918902;Lajedão;BA;Bahia;3845,00000000000;3;31596,8652594949;9,4946127578225425;8,98673801633322533;3,3581998943378664;0;0;;0,632;;73,4185733512786;25,437415881561236;Não significativo;0,3636190839694657;Não significativo;0;Sem cluster relevante;;Não estimável
2928059;Santa Luzia;BA;Bahia;13895,99999999999;11;106904,4540750607;10,2895619225337267;8,94938789439197713;3,6393696765111949;0;0;;0,556;;62,2812565886570;51,612903225806448;Não significativo;0,4587622149837134;Não significativo;0;Sem cluster relevante;2,16095442868707e-01;Estável
2929305;São Gonçalo dos Campos;BA;Bahia;39512,99999999996;30;315232,3694476138;9,5167891712927286;8,47832765886140294;3,3660435875217738;0;0;;0,627;;82,1918830199940;13,197552969262908;Não significativo;0,4866932668329177;Não significativo;0;Sem cluster relevante;1,20301625297979e+00;Estável
2922052;Mulungu do Morro;BA;Bahia;13151,99999999999;8;96956,4110201353;8,2511304985686955;8,43021854303532514;2,9183860653645031;0;0;;0,566;;70,8351843625056;0,621945801865837;Não significativo;0,3549860655737705;Não significativo;0;Sem cluster relevante;1,05558966640918e+00;Estável
2905206;Caetité;BA;Bahia;52012,00000000001;36;418691,6258691369;8,5982135241586821;8,26581598544604645;3,0411476997347355;0;0;;0,625;;71,4285714285714;36,019923024677382;Não significativo;0,4479010600706714;Não significativo;0;Sem cluster relevante;1,23313366404779e+00;Estável
2910107;Dom Basílio;BA;Bahia;11884,00000000000;8;97491,6333553357;8,2058323618825284;8,06163335735086584;2,9023643273838928;0;0;;0,591;;64,7276573241671;3,331570597567425;Não significativo;0,3904098837209302;Não significativo;0;Sem cluster relevante;4,07036555685718e-11;Decrescente
3162252;São João da Lagoa;MG;Norte de Minas;4822,00000000000;5;39311,5808252448;12,7188983374312379;8,04246755874350150;4,4986145451445649;0;0;;0,634;;59,9567099567100;0,595238095238095;Não significativo;0,4166677884615385;Não significativo;0;Sem cluster relevante;1,30237046080642e+00;Estável
3143302;Montes Claros;MG;Norte de Minas;414240,00000000029;269;3355433,6803059899;8,0168474668070111;8,01811144391709973;2,8355212584918861;0;0;;0,770;;92,0778745415996;93,689095768558744;Não significativo;0,3069443181818182;Não significativo;0;Sem cluster relevante;1,65872420993200e+00;Crescente
2916203;Itapé;BA;Bahia;10341,00000000001;8;76741,3035772453;10,4246339677400250;7,82664877105013534;3,6871440238710789;0;0;;0,599;;85,1682368775236;73,512786002691783;Não significativo;0,4984820359281438;Não significativo;0;Sem cluster relevante;5,91174631434094e-01;Decrescente
3136801;Juramento;MG;Norte de Minas;3768,00000000000;2;32523,4271719235;6,1494134348994418;7,09069153671056718;2,1750186209864100;0;0;;0,669;;72,8323699421965;54,913294797687861;Não significativo;0,4587622149837134;Não significativo;1;Cluster de alto risco esporádico (1-2 anos);;Não estimável
3156502;Rubelita;MG;Norte de Minas;5679,00000000000;6;45936,2455946385;13,0615811595632376;7,01892128065109500;4,6198198482388859;0;0;;0,582;;66,1792452830189;20,754716981132077;Não significativo;0,4984820359281438;Não significativo;0;Sem cluster relevante;1,04850370064107e+00;Estável
2904050;Bonito;BA;Bahia;15844,00000000000;11;132062,1624464386;8,3294107836991884;6,93251690616902305;2,9460734341871415;0;0;;0,561;;88,3059301681138;1,016072418252356;Não significativo;0,4390004065040651;Não significativo;0;Sem cluster relevante;9,12840826165015e-01;Estável
2906006;Campo Formoso;BA;Bahia;71377,00000000001;42;579856,3558954054;7,2431731709044103;6,89716462852399559;2,5618762973941909;0;0;;0,586;;67,7522954667106;14,365710050644379;Não significativo;0,4590485436893204;Não significativo;0;Sem cluster relevante;7,07005498825490e-01;Estável
2923803;Paripiranga;BA;Bahia;26604,00000000001;19;225684,6892886634;8,4188254240401434;6,61134451818700253;2,9776989721005078;0;0;;0,577;;64,7144039735099;21,709437086092713;Não significativo;0,4142352941176471;Não significativo;0;Sem cluster relevante;9,45362121636884e-01;Estável
2900900;Almadina;BA;Bahia;5218,00000000000;5;42782,2183186966;11,6870985107728949;6,52440297357731946;4,1336717973735109;0;0;;0,563;;85,1707317073171;80,439024390243901;Não significativo;0,4984820359281438;Não significativo;0;Sem cluster relevante;2,90860427727498e-01;Decrescente
3136959;Juvenília;MG;Norte de Minas;5789,00000000000;3;46391,5818249812;6,4666904683654103;6,28384672053428073;2,2872380160726826;0;0;;0,592;;85,1851851851852;15,359477124183007;Não significativo;0,4390004065040651;Não significativo;0;Sem cluster relevante;;Não estimável
3127354;Glaucilândia;MG;Norte de Minas;2928,00000000000;0;24496,3323571373;0,0000000000000000;6,11038805979178523;0,0000000000000000;0;0;;0,679;;49,4912118408881;43,200740055504163;Não significativo;0,4248310810810811;Não significativo;0;Sem cluster relevante;;Não estimável
2913309;Ichu;BA;Bahia;6190,00000000000;5;50186,4958541603;9,9628394349941694;6,09863615044041563;3,5238094687260837;0;0;;0,631;;89,3695352047860;4,187758858720662;Não significativo;0,4384483333333333;Não significativo;0;Sem cluster relevante;2,85335223550792e-01;Decrescente
2903102;Barra do Rocha;BA;Bahia;5775,00000000000;4;46102,0505385194;8,6764036594378844;5,90285600355351114;3,0688031829788045;0;0;;0,577;;63,2414759458197;53,059318075665573;Não significativo;0,1492233333333333;Não significativo;0;Sem cluster relevante;;Não estimável
2922904;Nova Soure;BA;Bahia;24236,00000000001;14;204060,7162057768;6,8607031575260473;5,88453758536441640;2,4265984518120840;0;0;;0,555;;76,3203313772868;1,576343343688873;Não significativo;0,4479010600706714;Não significativo;0;Sem cluster relevante;6,88210351520122e-01;Estável
2917904;Jandaíra;BA;Bahia;9285,00000000000;7;80605,1697295776;8,6843065072430328;5,83405555529966779;3,0715983830929265;0;0;;0,550;;76,1858664085189;2,484672474991933;Não significativo;0,4910126168224299;Não significativo;0;Sem cluster relevante;1,51123650731242e+00;Estável
3116506;Claro dos Poções;MG;Norte de Minas;7166,00000000000;1;59000,3501024285;1,6949051967724502;5,55645075918975184;0,5994799996476408;0;0;;0,670;;75,6882373972113;33,571683947086164;Não significativo;0,4384483333333333;Não significativo;0;Sem cluster relevante;;Não estimável
2929503;São Sebastião do Passé;BA;Bahia;40958,00000000001;21;346221,3393690812;6,0654840161696217;5,50568837579266201;2,1453331801686044;0;0;;0,657;;75,8791644632470;56,643310417768376;Não significativo;0,3655862318840580;Não significativo;0;Sem cluster relevante;4,83905266458902e-01;Decrescente
3130655;Indaiabira;MG;Norte de Minas;6346,00000000000;4;54796,4786050721;7,2997391471607296;5,33350637680978412;2,5818834172559861;0;0;;0,610;;57,1362372567192;19,833178869323447;Não significativo;0,4772403030303030;Não significativo;0;Sem cluster relevante;;Não estimável
2916856;Itatim;BA;Bahia;15736,99999999999;8;122664,8307472544;6,5218367410326863;5,15166289050879467;2,3067429934496477;0;0;;0,582;;94,8754962107542;1,930710934680621;Não significativo;0,4984820359281438;Não significativo;0;Sem cluster relevante;1,19153886356009e+00;Estável
3129608;Ibiaí;MG;Norte de Minas;6286,00000000000;3;58642,9795852937;5,1157018644262893;5,10781544163361723;1,8093996984159555;0;0;;0,614;;75,8355916892502;52,574525745257446;Não significativo;0,4384483333333333;Não significativo;0;Sem cluster relevante;;Não estimável
2900355;Adustina;BA;Bahia;14200,99999999999;6;125800,4165910702;4,7694595634796197;5,07119113619854645;1,6869354243994692;0;0;;0,546;;76,3779527559055;40,906472056846553;Não significativo;0,4479010600706714;Não significativo;0;Sem cluster relevante;9,66669011868554e-01;Estável
2917409;Jacaraci;BA;Bahia;14435,99999999999;7;118294,6572878758;5,9174270085293550;4,94002863982639351;2,0929661126435097;0;0;;0,593;;91,3910186199343;16,516976998904710;Não significativo;0,4984820359281438;Não significativo;0;Sem cluster relevante;1,01375079432705e+00;Estável
2921807;Mortugaba;BA;Bahia;11142,99999999999;5;93608,6926332652;5,3413842874493671;4,93578431284146379;1,8892225104127474;0;0;;0,618;;65,6860192658162;4,842488935173132;Não significativo;0,4567510067114094;Não significativo;0;Sem cluster relevante;8,46297426594790e-01;Estável
3157005;Salinas;MG;Norte de Minas;40178,00000000001;17;330896,9595261760;5,1375509839506979;4,85580972795839116;1,8171276292699854;0;0;;0,679;;91,7203867848509;73,562986838571049;Não significativo;0,4479010600706714;Não significativo;0;Sem cluster relevante;8,87946801642624e-01;Estável
2922409;Mutuípe;BA;Bahia;20036,99999999999;8;170560,4664841648;4,6904186913341599;4,80309178027118833;1,6589790395254713;0;0;;0,601;;54,9061662198392;46,943699731903486;Não significativo;0,2823087500000000;Não significativo;0;Sem cluster relevante;1,20467102978418e+00;Estável
2929602;Sapeaçu;BA;Bahia;17962,99999999999;7;143126,1470759276;4,8907904970616860;4,77426424525843007;1,7298496051805139;0;0;;0,614;;81,5007078810760;10,224948875255624;Não significativo;0,4248310810810811;Não significativo;0;Sem cluster relevante;1,35256799974978e+00;Estável
3157377;Santa Cruz de Salinas;MG;Norte de Minas;3910,00000000000;1;32199,9632032908;3,1055936110442532;4,73392194281001455;1,0984338595455216;0;0;;0,577;;51,7525773195876;34,158075601374570;Não significativo;0,4167033175355451;Não significativo;0;Sem cluster relevante;;Não estimável
3168002;Taiobeiras;MG;Norte de Minas;33050,00000000003;14;272733,3233655964;5,1332194494008103;4,68137514005731603;1,8155955858640267;0;0;;0,670;;78,1878622570747;60,441527446300711;Não significativo;0,4751247678018576;Não significativo;0;Sem cluster relevante;1,13107532445552e+00;Estável
2915403;Itaju do Colônia;BA;Bahia;6037,00000000000;3;50971,7047656911;5,8856183323483675;4,47829146130561107;2,0817155334240454;0;0;;0,592;;81,0541310541310;79,059829059829056;Não significativo;0,4866932668329177;Não significativo;0;Sem cluster relevante;;Não estimável
2911253;Gavião;BA;Bahia;4360,00000000000;3;35575,0004518753;8,4328881571155705;4,44726201529964005;2,9826728946745593;0;0;;0,599;;74,1566265060241;4,518072289156627;Não significativo;0,4887847826086957;Não significativo;0;Sem cluster relevante;;Não estimável
3138658;Lontra;MG;Norte de Minas;8790,00000000000;3;73748,5539363119;4,0678763716380830;4,42851004743666721;1,4387887478780563;0;0;;0,646;;93,6591809775429;38,309114927344787;Não significativo;0,3859686666666667;Não significativo;0;Sem cluster relevante;;Não estimável
2902807;Barra da Estiva;BA;Bahia;26025,99999999999;12;190144,7066941733;6,3109829395885688;4,39599056596066173;2,2321649951898466;0;0;;0,575;;75,7442372292367;48,360940576856251;Não significativo;0,4984820359281438;Não significativo;0;Sem cluster relevante;1,97317754634771e+00;Estável
2905008;Caculé;BA;Bahia;22462,00000000000;8;184764,6378904398;4,3298328572720584;4,39424570673060266;1,5314415252809421;0;0;;0,637;;90,3155742941101;17,056343426600229;Não significativo;0,4866932668329177;Não significativo;0;Sem cluster relevante;8,86430065932361e-01;Estável
3112703;Capitão Enéas;MG;Norte de Minas;14108,00000000001;1;118253,7471564498;0,8456391649703913;4,30283644619697991;0,2990985969503409;0;0;;0,639;;73,0811283621255;53,597200962169254;Não significativo;0,4315919642857143;Não significativo;0;Sem cluster relevante;;Não estimável
3161106;São Francisco;MG;Norte de Minas;52762,00000000002;18;440307,4027744441;4,0880530026475270;4,25940237933983390;1,4459251274074039;0;0;;0,638;;78,2036509187943;41,106192006792405;Não significativo;0,2543742857142857;Não significativo;0;Sem cluster relevante;9,66215170975849e-01;Estável
2929107;São Felipe;BA;Bahia;20283,00000000001;10;167028,0531604325;5,9870182348320125;4,25132636510280371;2,1175802022096040;0;0;;0,616;;50,4632152588556;16,566757493188010;Não significativo;0,4984820359281438;Não significativo;0;Sem cluster relevante;1,77865490621169e+00;Crescente
2903607;Biritinga;BA;Bahia;15146,00000000001;7;125656,2796904440;5,5707522276201367;4,17981779335254355;1,9703488724975371;0;0;;0,538;;77,5475923852184;20,698021649869354;Não significativo;0,4866932668329177;Não significativo;0;Sem cluster relevante;1,37517853775364e+00;Estável
2912103;Ibicaraí;BA;Bahia;21665,00000000001;7;174090,8686558467;4,0208886623674802;4,05633143117293393;1,4221694160177112;0;0;;0,625;;94,4932066851028;69,195623421906944;Não significativo;0,4479010600706714;Não significativo;0;Sem cluster relevante;5,49610138482486e-01;Decrescente
2909208;Coronel João Sá;BA;Bahia;17055,99999999999;7;132531,4192305809;5,2817664223615193;4,04256678107205758;1,8681359518194329;0;0;;0,535;;57,1025555924328;35,097909060736811;Não significativo;0,4772403030303030;Não significativo;0;Sem cluster relevante;9,67472767327746e-01;Estável
3170651;Vargem Grande do Rio Pardo;MG;Norte de Minas;4633,00000000000;2;38828,7639897756;5,1508206661603824;4,04200011308545992;1,8218210534812833;0;0;;0,634;;76,7441860465116;0,281888653981677;Não significativo;0,4891527058823530;Não significativo;0;Sem cluster relevante;;Não estimável
3137304;Lagoa dos Patos;MG;Norte de Minas;3313,00000000000;0;29503,9702938947;0,0000000000000000;4,01324793565220883;0,0000000000000000;0;0;;0,634;;76,7827529021559;66,832504145936980;Não significativo;0,4390004065040651;Não significativo;0;Sem cluster relevante;;Não estimável
3111150;Campo Azul;MG;Norte de Minas;3714,00000000000;1;30360,7424073505;3,2937270985767979;4,00432376544791246;1,1649757895923980;0;0;;0,621;;45,2194357366771;0,313479623824451;Não significativo;0,0798882352941176;Hot spot;0;Sem cluster relevante;;Não estimável
3126703;Francisco Sá;MG;Norte de Minas;23475,99999999999;1;199980,8781026164;0,5000478093144830;3,99184829032732313;0,1768645592228338;0;0;;0,654;;69,1893246460343;52,875579501315627;Não significativo;0,4686757861635220;Não significativo;0;Sem cluster relevante;;Não estimável
2933257;Vereda;BA;Bahia;6003,00000000000;2;49138,4203765432;4,0701349059945038;3,97012800377573383;1,4395875808616174;0;0;;0,577;;59,4318686196183;40,612516644474034;Não significativo;0,3904098837209302;Não significativo;0;Sem cluster relevante;;Não estimável
3120870;Curral de Dentro;MG;Norte de Minas;7406,00000000000;1;61266,1656892741;1,6322222694198578;3,92700718543677896;0,5773093429414120;0;0;;0,585;;74,1909053666530;52,642359688652199;Não significativo;0,4419640316205534;Não significativo;0;Sem cluster relevante;;Não estimável
3162401;São João da Ponte;MG;Norte de Minas;23930,00000000000;5;197025,9039169834;2,5377373739174640;3,91027923039036995;0,8975857782009571;0;0;;0,569;;88,7552235025959;15,588198049892366;Não significativo;0,4137836842105263;Não significativo;0;Sem cluster relevante;1,97240736223456e+00;Crescente
2908705;Condeúba;BA;Bahia;17053,00000000001;5;138358,0624782235;3,6138118086085247;3,76451421265295094;1,2781882466799290;0;0;;0,582;;74,8085106382979;5,140425531914894;Não significativo;0,3636190839694657;Não significativo;0;Sem cluster relevante;9,06569336066729e-01;Estável
2903003;Barra do Mendes;BA;Bahia;13836,00000000001;4;111371,2014466006;3,5915927529235532;3,75109930819285564;1,2703294711451310;0;0;;0,630;;64,8096748612213;0,317208564631245;Não significativo;0,3904098837209302;Não significativo;0;Sem cluster relevante;;Não estimável
2910206;Dom Macedo Costa;BA;Bahia;4407,00000000000;2;34344,5893741813;5,8233335627052503;3,73547016847771518;2,0596857032277538;0;0;;0,632;;76,6320927394753;7,016473459426479;Não significativo;0,4790476190476191;Não significativo;0;Sem cluster relevante;;Não estimável
2901205;Anagé;BA;Bahia;25437,99999999998;7;188001,6817848543;3,7233709472932652;3,70313160421251419;1,3169387989498693;0;0;;0,540;;27,3352112676056;11,042253521126760;Não significativo;0,4142352941176471;Não significativo;0;Sem cluster relevante;9,62315375470006e-01;Estável
2914208;Irajuba;BA;Bahia;6101,00000000000;2;53842,5201335164;3,7145363832162501;3,61836839556395340;1,3138140551707709;0;0;;0,576;;66,8188041989959;0,912825193975354;Não significativo;0,3911258620689655;Não significativo;0;Sem cluster relevante;;Não estimável
2914604;Irecê;BA;Bahia;74507,00000000003;22;601080,9018458052;3,6600730338365732;3,53134182036992339;1,2945506245499245;0;0;;0,691;;98,9531616826387;28,903513835969676;Não significativo;0,4984820359281438;Não significativo;0;Sem cluster relevante;6,87465672271855e-01;Decrescente
3130051;Icaraí de Minas;MG;Norte de Minas;10677,00000000000;3;91462,8604771416;3,2800198729294716;3,50631126439188767;1,1601276083242793;0;0;;0,624;;72,7411477411477;21,245421245421245;Não significativo;0,0503000000000000;Hot spot;1;Cluster de alto risco esporádico (1-2 anos);;Não estimável
2921401;Mirangaba;BA;Bahia;15733,99999999999;5;137653,9068176250;3,6322979242604458;3,48104260540797394;1,2847266988751336;0;0;;0,542;;68,9024390243902;18,489956958393115;Não significativo;0,4866932668329177;Não significativo;0;Sem cluster relevante;2,67852442644427e+00;Crescente
2931509;Teofilândia;BA;Bahia;21176,00000000001;7;176469,0360714149;3,9667015561682923;3,45576776385346474;1,4030036913110704;0;0;;0,566;;82,1733821733822;26,007326007326011;Não significativo;0,4866932668329177;Não significativo;0;Sem cluster relevante;9,14733723825501e-01;Estável
2909505;Cravolândia;BA;Bahia;4415,00000000000;1;39285,2255767378;2,5454862109590017;3,41338273737216102;0,9003265054320591;0;0;;0,599;;80,8523780111180;61,334156886967264;Não significativo;0,2706934210526316;Não significativo;0;Sem cluster relevante;;Não estimável
2918803;Laje;BA;Bahia;21051,99999999998;6;181560,5142160370;3,3046833040253789;3,35701179877561540;1,1688509479499050;0;0;;0,586;;45,4472949621162;21,627010501129867;Não significativo;0,3108540000000000;Não significativo;0;Sem cluster relevante;1,45574579660785e+00;Crescente
2929370;São José do Jacuípe;BA;Bahia;10187,00000000000;4;83618,8588225684;4,7836098893523928;3,35341995344059418;1,6919403281341312;0;0;;0,552;;83,9622641509434;35,193920335429766;Não significativo;0,4891527058823530;Não significativo;0;Sem cluster relevante;;Não estimável
2921302;Milagres;BA;Bahia;11071,00000000000;3;88882,0361300638;3,3752602107472072;3,34248702345480364;1,1938136680461684;0;0;;0,622;;90,7676869041646;3,085800301053688;Não significativo;0,4137836842105263;Não significativo;0;Sem cluster relevante;;Não estimável
3145372;Novorizonte;MG;Norte de Minas;4571,00000000000;2;39657,4054169171;5,0431942760098938;3,33732690388646525;1,7837541052812571;0;0;;0,616;;83,6835599505562;10,197775030902347;Não significativo;0,4609485530546624;Não significativo;0;Sem cluster relevante;;Não estimável
2903276;Barrocas;BA;Bahia;15203,00000000001;6;126350,6441042382;4,7486896822227918;3,33544544655452935;1,6795892150467366;0;0;;0,610;;85,1219043962373;30,312919946246879;Não significativo;0,4984820359281438;Não significativo;0;Sem cluster relevante;6,31613646756671e-01;Estável
2930766;Sítio do Quinto;BA;Bahia;14773,00000000000;6;97565,5290689401;6,1497129747130082;3,33294080761405986;2,1751245668102079;0;0;;0,533;;72,2710408123413;32,122632298379223;Não significativo;0,4772403030303030;Não significativo;0;Sem cluster relevante;5,97650640175363e-01;Estável
2920908;Mascote;BA;Bahia;13543,99999999999;4;110233,0663341678;3,6286752541874638;3,31730495109195589;1,2834453775019912;0;0;;0,581;;84,2401500938086;57,348342714196377;Não significativo;0,4984820359281438;Não significativo;0;Sem cluster relevante;;Não estimável
2930105;Senhor do Bonfim;BA;Bahia;74523,00000000006;20;623658,9511215901;3,2068809345287104;3,20515341264839959;1,1342587096683481;0;0;;0,666;;95,8393753485778;63,253392823944978;Não significativo;0,4984820359281438;Não significativo;0;Sem cluster relevante;7,03997672148488e-01;Estável
2924504;Pindaí;BA;Bahia;14731,00000000000;4;125026,0588135684;3,1993330334155128;3,15858857743053401;1,1315890525304171;0;0;;0,603;;38,1227580709446;0,378636907134316;Não significativo;0,4936418604651163;Não significativo;0;Sem cluster relevante;;Não estimável
2907905;Cipó;BA;Bahia;17229,99999999999;5;139622,3816273349;3,5810877466232207;3,15320879882641369;1,2666138998050855;0;0;;0,601;;82,0521800035020;1,523375941166171;Não significativo;0,4984820359281438;Não significativo;0;Sem cluster relevante;1,29615710634685e+00;Estável
2918357;João Dourado;BA;Bahia;24853,99999999999;7;203027,0920541728;3,4478157221166437;3,08660059087205196;1,2194762113040518;0;0;;0,593;;91,1030303030303;1,903030303030303;Não significativo;0,4867264705882353;Não significativo;0;Sem cluster relevante;7,26904473034483e-01;Estável
2901957;Apuarema;BA;Bahia;6912,99999999999;4;57406,7799052872;6,9678180984883973;3,04348428455909303;2,4644845028387992;0;0;;0,552;;66,4523905182804;42,748091603053432;Não significativo;0,3448495495495496;Não significativo;0;Sem cluster relevante;;Não estimável
2905156;Caetanos;BA;Bahia;11265,99999999999;3;104925,3986927185;2,8591742679822580;3,03073079922326638;1,0112764964238075;0;0;;0,542;;30,8006535947712;14,351851851851851;Não significativo;0,1800210526315789;Hot spot;0;Sem cluster relevante;;Não estimável
2912202;Ibicoara;BA;Bahia;20784,99999999999;4;164227,6788229842;2,4356430223381982;3,00346064387110046;0,8614754860351697;0;0;;0,591;;56,5364277320799;18,463572267920096;Não significativo;0,4866932668329177;Não significativo;0;Sem cluster relevante;;Não estimável
2924678;Piraí do Norte;BA;Bahia;10974,00000000000;4;85199,1895242468;4,6948803413929685;2,99387083768563178;1,6605571041752085;0;0;;0,533;;44,9036668738347;30,018645121193288;Não significativo;0,3830277027027027;Não significativo;0;Sem cluster relevante;;Não estimável
2932804;Utinga;BA;Bahia;16276,99999999999;5;142957,7002338816;3,4975380772213764;2,98970241606547615;1,2370627745392264;0;0;;0,590;;82,9733378332771;1,805602429969625;Não significativo;0,4984820359281438;Não significativo;0;Sem cluster relevante;1,22580745892502e+00;Estável
2928703;Santo Antônio de Jesus;BA;Bahia;103054,99999999997;25;835929,5534547125;2,9906826354781351;2,97803634654373450;1,0577903877318382;0;0;;0,700;;91,6416115453999;73,581008653821016;Não significativo;0,4984820359281438;Não significativo;0;Sem cluster relevante;6,27866728875444e-01;Decrescente
2925956;Rafael Jambeiro;BA;Bahia;19662,00000000001;5;170298,5287840515;2,9360206665908963;2,90898892138082488;1,0384567063249599;0;0;;0,564;;62,3419626730885;20,018061408789887;Não significativo;0,4866932668329177;Não significativo;0;Sem cluster relevante;6,20274351060393e-01;Decrescente
3135605;Jequitaí;MG;Norte de Minas;6484,00000000000;2;55797,9888751449;3,5843585769287358;2,90695916612421934;1,2677707771066196;0;0;;0,643;;79,6348884381339;2,718052738336714;Não significativo;0,4437317829457364;Não significativo;0;Sem cluster relevante;;Não estimável
2933158;Várzea Nova;BA;Bahia;13376,99999999999;3;105349,9713078316;2,8476514637427175;2,86717649503824523;1,0072009347377535;0;0;;0,555;;79,9794238683128;59,444444444444443;Não significativo;0,4479010600706714;Não significativo;0;Sem cluster relevante;;Não estimável
2922607;Nilo Peçanha;BA;Bahia;12063,00000000000;3;105265,2129648928;2,8499443600617944;2,83707866313977375;1,0080119213859566;0;0;;0,547;;62,3718546132339;21,481826654240447;Não significativo;0,4866932668329177;Não significativo;0;Sem cluster relevante;;Não estimável
2919926;Madre de Deus;BA;Bahia;18504,00000000000;9;160752,5300429800;5,5986677146503974;2,80352389225754273;1,9802224490178828;0;0;;0,708;;99,5718293223092;91,554702495201539;Não significativo;0,3448495495495496;Não significativo;0;Sem cluster relevante;9,45289813926695e-01;Estável
2929255;São Gabriel;BA;Bahia;18600,00000000001;6;151106,5395119281;3,9707083620470116;2,77501719536616998;1,4044208797127211;0;0;;0,592;;81,7132157902949;1,778748634732407;Não significativo;0,4961303240740740;Não significativo;0;Sem cluster relevante;1,21423642856623e+00;Estável
2914307;Iramaia;BA;Bahia;10752,00000000000;2;77255,9126543957;2,5887986191387040;2,74935731487031276;0,9156459005756642;0;0;;0,571;;57,7090119435396;4,370249728555917;Não significativo;0,4984820359281438;Não significativo;0;Sem cluster relevante;;Não estimável
2901155;América Dourada;BA;Bahia;15137,00000000000;3;126017,3811321376;2,3806239846028072;2,72065473534817404;0,8420155110554285;0;0;;0,561;;82,2455322455322;1,282051282051282;Não significativo;0,4437317829457364;Não significativo;0;Sem cluster relevante;;Não estimável
2930006;Sebastião Laranjeiras;BA;Bahia;9360,00000000000;3;83918,1762952826;3,5749108625095842;2,71908403275141186;1,2644291649341810;0;0;;0,615;;78,4794219289978;2,356267672007540;Não significativo;0,3549860655737705;Não significativo;0;Sem cluster relevante;;Não estimável
2903508;Belo Campo;BA;Bahia;18412,00000000000;4;143902,3505628366;2,7796627256990871;2,71523593898812310;0,9831536377349164;0;0;;0,575;;38,0128910548656;1,289105486558717;Não significativo;0,4190084905660378;Não significativo;0;Sem cluster relevante;;Não estimável
2907608;Central;BA;Bahia;16348,00000000000;2;135731,6096537817;1,4734961186281617;2,65304981390925088;0,5211686496437135;0;0;;0,596;;92,9619280475026;0,943066713237862;Não significativo;0,4984820359281438;Não significativo;0;Sem cluster relevante;;Não estimável
2911006;Floresta Azul;BA;Bahia;11059,00000000001;2;87619,8700765899;2,2825872695905254;2,65075127294195045;0,8073403858667546;0;0;;0,557;;78,9228379078198;69,212843086483687;Não significativo;0,4482877192982456;Não significativo;0;Sem cluster relevante;;Não estimável
2911402;Glória;BA;Bahia;15524,00000000000;5;124408,6236977208;4,0190139970912648;2,64678411653182755;1,4215063557230911;0;0;;0,593;;74,4452662721893;23,261834319526628;Não significativo;0,3877430463576159;Não significativo;0;Sem cluster relevante;7,24128709662093e-01;Estável
2909109;Coribe;BA;Bahia;13990,00000000000;3;113833,0258347745;2,6354390371335801;2,64380092988688409;0,9321423971445443;0;0;;0,600;;81,7087845968712;0,581628559967910;Não significativo;0,4814220289855072;Não significativo;0;Sem cluster relevante;;Não estimável
2914505;Irará;BA;Bahia;28043,00000000001;8;232294,6627713401;3,4439017687956195;2,63522231866936885;1,2180918644155196;0;0;;0,620;;71,6053108026554;1,347817340575337;Não significativo;0,4867264705882353;Não significativo;0;Sem cluster relevante;9,74740142611619e-01;Estável
3142700;Montalvânia;MG;Norte de Minas;14060,00000000001;2;115654,9114100692;1,7292823760062774;2,62312021294087661;0,6116390463212987;0;0;;0,613;;72,9983319432861;17,243536280233528;Não significativo;0,2344491525423729;Hot spot;0;Sem cluster relevante;;Não estimável
2903201;Barreiras;BA;Bahia;159734,00000000003;36;1291822,0317303585;2,7867615751822283;2,62159512985612908;0,9856644674224742;0;0;;0,721;;93,9730664508058;75,667819559938181;Não significativo;0,4998000000000000;Não significativo;0;Sem cluster relevante;9,93939663231277e-01;Estável
2910750;Fátima;BA;Bahia;17894,99999999999;5;144160,7347340384;3,4683508024736991;2,60533598311644488;1,2267393726824307;0;0;;0,559;;90,4278782531981;42,670195559476547;Não significativo;0,4866932668329177;Não significativo;0;Sem cluster relevante;9,38138159100349e-01;Estável
2907400;Catolândia;BA;Bahia;3434,00000000000;2;28407,4324675303;7,0404109990792056;2,58981410888456809;2,4901602704884995;0;0;;0,582;;65,2715939447907;2,048085485307213;Não significativo;0,4984820359281438;Não significativo;0;Sem cluster relevante;;Não estimável
2913804;Ipecaetá;BA;Bahia;13708,99999999999;5;113369,3655335392;4,4103625141315614;2,58784898256681428;1,5599244863089039;0;0;;0,550;;67,2842515845929;2,852267186738177;Não significativo;0,4479010600706714;Não significativo;0;Sem cluster relevante;1,37632528631371e+00;Estável
3132008;Itacambira;MG;Norte de Minas;4252,00000000000;1;38604,4950393302;2,5903719216666388;2,48110172268629725;0,9162023702830482;0;0;;0,628;;37,4056280027454;7,824296499656828;Não significativo;0,4984820359281438;Não significativo;0;Sem cluster relevante;;Não estimável
2922201;Muniz Ferreira;BA;Bahia;7190,00000000000;1;59129,4063455149;1,6912058852014025;2,47445929537280529;0,5981715705369558;0;0;;0,617;;61,4218693612414;27,426921688920970;Não significativo;0,4866932668329177;Não significativo;0;Sem cluster relevante;;Não estimável
2905305;Cafarnaum;BA;Bahia;17466,00000000000;1;145203,1879990044;0,6886901133374955;2,40035645890224281;0,2435864552702316;0;0;;0,584;;77,5197798417613;4,901960784313726;Não significativo;0,4142352941176471;Não significativo;0;Sem cluster relevante;;Não estimável
2914109;Ipupiara;BA;Bahia;9934,99999999999;2;80273,6891310301;2,4914763749494750;2,36430484417411124;0,8812234803580811;0;0;;0,590;;83,3849619825401;43,424387496479866;Não significativo;0,4479010600706714;Não significativo;0;Sem cluster relevante;;Não estimável
2921005;Mata de São João;BA;Bahia;42565,99999999998;9;363420,7199450829;2,4764685957806711;2,32628466895208907;0,8759152994238559;0;0;;0,668;;89,7683523654160;47,732463295269170;Não significativo;0,4397193548387097;Não significativo;0;Sem cluster relevante;3,96846188840003e+00;Crescente
2931707;Terra Nova;BA;Bahia;10797,99999999999;2;95765,8568147443;2,0884269890352778;2,31277507167113638;0,7386668074621965;0;0;;0,578;;84,3007915567282;68,443271767810018;Não significativo;0,4867264705882353;Não significativo;0;Sem cluster relevante;;Não estimável
2919108;Lamarão;BA;Bahia;9015,00000000000;2;69787,8522752581;2,8658282706732057;2,29735456070390542;1,0136299858923752;0;0;;0,518;;88,8534014691792;16,640051101884382;Não significativo;0,4984820359281438;Não significativo;0;Sem cluster relevante;;Não estimável
2924900;Planaltino;BA;Bahia;8022,00000000000;3;70031,1732192451;4,2838065708366226;2,29611339813528792;1,5151622441573493;0;0;;0,572;;68,7200547570157;0,889801505817933;Não significativo;0,4479010600706714;Não significativo;0;Sem cluster relevante;;Não estimável
3141009;Mato Verde;MG;Norte de Minas;12038,00000000000;3;98369,5880635322;3,0497230486138087;2,21151112638269609;1,0786727042845097;0;0;;0,662;;76,5442764578834;24,298056155507560;Não significativo;0,4162507246376812;Não significativo;0;Sem cluster relevante;;Não estimável
2919306;Lençóis;BA;Bahia;10774,00000000000;3;89917,2133069508;3,3364023301732972;2,17868891482755123;1,1800698183741545;0;0;;0,623;;87,9050778259760;47,512120438887472;Não significativo;0,4660287066246057;Não significativo;0;Sem cluster relevante;;Não estimável
3107307;Bocaiúva;MG;Norte de Minas;48031,99999999997;1;397038,1507583203;0,2518649651400141;2,15976885500216298;0,0890834540485863;0;0;;0,700;;83,4194429597957;79,832531623017999;Não significativo;0,4984820359281438;Não significativo;0;Sem cluster relevante;;Não estimável
2922854;Nova Redenção;BA;Bahia;7538,00000000000;2;67020,5260904768;2,9841604008002363;2,14509324690102243;1,0554835039899899;0;0;;0,567;;91,1564625850340;2,418745275888133;Não significativo;0,4984820359281438;Não significativo;0;Sem cluster relevante;;Não estimável
2901304;Andaraí;BA;Bahia;13080,00000000001;2;106009,5889894419;1,8866217849398426;2,14035948960624012;0,6672892555434236;0;0;;0,555;;60,6734006734007;16,498316498316498;Não significativo;0,4866932668329177;Não significativo;0;Sem cluster relevante;;Não estimável
2915007;Itaeté;BA;Bahia;13472,00000000000;4;119043,8779123954;3,3601055931188721;2,13946892425129809;1,1884535510391556;0;0;;0,572;;73,2363315696649;21,935626102292769;Não significativo;0,4984820359281438;Não significativo;0;Sem cluster relevante;;Não estimável
3151206;Pirapora;MG;Norte de Minas;55606,00000000003;12;453549,2095070902;2,6457989008604823;2,11067004377016998;0,9358066322387428;0;0;;0,731;;97,6672258335081;49,711679597399872;Não significativo;0,4984820359281438;Não significativo;0;Sem cluster relevante;5,51980846598645e-01;Decrescente
2901106;Amélia Rodrigues;BA;Bahia;24138,00000000001;4;198677,4271910475;2,0133137702420587;2,07853836200641862;0,7120996151133624;0;0;;0,666;;82,0581395348837;7,546511627906977;Não significativo;0,4866932668329177;Não significativo;0;Sem cluster relevante;;Não estimável
2928901;São Desidério;BA;Bahia;32828,00000000003;7;272349,3646365459;2,5702281366955271;2,06484914242989159;0,9090776082430357;0;0;;0,579;;73,8888888888889;1,101532567049808;Não significativo;0,4772403030303030;Não significativo;0;Sem cluster relevante;6,98829922838707e-01;Estável
2920601;Maragogipe;BA;Bahia;35859,00000000002;7;325587,6165268907;2,1499589187913299;2,05747338404110902;0,7604303617298451;0;0;;0,621;;64,7340384466919;42,870377518721533;Não significativo;0,4520062068965517;Não significativo;0;Sem cluster relevante;9,95349394197083e-01;Estável
2931608;Teolândia;BA;Bahia;15331,99999999999;2;122773,7432930327;1,6290128054713284;2,05133426302610200;0,5761741706318354;0;0;;0,555;;41,2249208025343;25,364308342133050;Não significativo;0,2431166666666666;Não significativo;0;Sem cluster relevante;;Não estimável
2919405;Licínio de Almeida;BA;Bahia;11833,99999999999;1;97787,5454156969;1,0226251162650406;2,04827240232534713;0,3616976958390548;0;0;;0,621;;76,4324862979571;1,096163428001993;Não significativo;0,4384483333333333;Não significativo;0;Sem cluster relevante;;Não estimável
2916005;Itanhém;BA;Bahia;17813,00000000000;5;149759,1274809734;3,3386946652952698;2,03896691671674768;1,1808806065295800;0;0;;0,637;;72,2156920364384;68,586541287099621;Não significativo;0,4866932668329177;Não significativo;0;Sem cluster relevante;1,46003654845461e+00;Crescente
3127073;Fruta de Leite;MG;Norte de Minas;4647,00000000000;0;39759,9567752465;0,0000000000000000;2,03736017153683724;0,0000000000000000;0;0;;0,544;;62,1822690638562;0,309981401115933;Não significativo;0,4891527058823530;Não significativo;0;Sem cluster relevante;;Não estimável
2917201;Ituaçu;BA;Bahia;17914,00000000000;3;149090,1978177261;2,0122047216462366;2,01190846988896155;0,7117073498391165;0;0;;0,570;;60,9271523178808;6,913261185591988;Não significativo;0,4587622149837134;Não significativo;0;Sem cluster relevante;;Não estimável
3139300;Manga;MG;Norte de Minas;18885,99999999999;3;149536,4011304658;2,0062004818362555;2,01181111223237563;0,7095836784467425;0;0;;0,642;;79,1074055909760;27,023050514958314;Não significativo;0,4234558139534884;Não significativo;0;Sem cluster relevante;;Não estimável
2901403;Angical;BA;Bahia;13731,99999999999;1;111875,2181234294;0,8938530058522185;1,99968972121969601;0,3161516057970237;0;0;;0,625;;65,4421469423669;0,483941926968764;Não significativo;0,4866932668329177;Não significativo;0;Sem cluster relevante;;Não estimável
2911857;Heliópolis;BA;Bahia;12309,00000000001;4;103163,7347441920;3,8773315156905892;1,98563360577907311;1,3713939281596532;0;0;;0,563;;68,0062513954008;10,337128823398080;Não significativo;0,4984820359281438;Não significativo;0;Sem cluster relevante;;Não estimável
2933174;Varzedo;BA;Bahia;9913,00000000001;1;75891,6851876123;1,3176674065517113;1,98064493513797024;0,4660527667975389;0;0;;0,586;;57,2059635560464;29,431253451131973;Não significativo;0,4537265306122449;Não significativo;0;Sem cluster relevante;;Não estimável
2925600;Presidente Dutra;BA;Bahia;15130,00000000000;2;122447,8036119519;1,6333490197490026;1,97851026850467870;0,5777078692355109;0;0;;0,614;;96,4451027587484;1,777448620625810;Não significativo;0,4984820359281438;Não significativo;0;Sem cluster relevante;;Não estimável
2906709;Cândido Sales;BA;Bahia;25246,99999999999;4;204524,8269559762;1,9557527853872709;1,97413025241007856;0,6917405653882357;0;0;;0,601;;77,1766029246344;7,412823397075366;Não significativo;0,3636190839694657;Não significativo;0;Sem cluster relevante;;Não estimável
2919553;Luís Eduardo Magalhães;BA;Bahia;107909,00000000009;12;810258,1771745482;1,4810094286052389;1,95902489888833409;0,5238260720594261;0;0;;0,716;;92,0505200594354;65,202795663419735;Não significativo;0,4790476190476191;Não significativo;0;Sem cluster relevante;3,85323108837361e-01;Estável
2902104;Araci;BA;Bahia;48294,00000000002;8;416271,4296590074;1,9218229813545633;1,95279271090378237;0,6797397532199178;0;0;;0,534;;64,3367377058858;33,874490820001178;Não significativo;0,4984820359281438;Não significativo;0;Sem cluster relevante;1,01595390761721e+00;Estável
2917607;Jaguaquara;BA;Bahia;45963,99999999996;8;406340,6027457911;1,9687916850890836;1,94326286012235294;0,6963523629115032;0;0;;0,580;;83,7888784165881;45,604775369148605;Não significativo;0,4167033175355451;Não significativo;0;Sem cluster relevante;1,02647839064225e+00;Estável
2908903;Coração de Maria;BA;Bahia;26692,00000000001;7;201031,8405180339;3,4820354735657171;1,93305993583277758;1,2315795765103752;0;0;;0,592;;42,7451858486341;2,630989699955217;Não significativo;0,4814220289855072;Não significativo;0;Sem cluster relevante;9,99462614291519e-01;Estável
2902302;Aratuípe;BA;Bahia;8677,00000000000;1;70801,6914875861;1,4123956348914823;1,92758895703557598;0,4995576958047108;0;0;;0,575;;59,4091201027617;28,837508028259474;Não significativo;0,4984820359281438;Não significativo;0;Sem cluster relevante;;Não estimável
3109402;Buritizeiro;MG;Norte de Minas;23910,00000000002;4;208223,8699191937;1,9210093451592731;1,92211386979669441;0,6794519739228841;0;0;;0,624;;89,6526418786693;5,418297455968689;Não significativo;0,4998000000000000;Não significativo;0;Sem cluster relevante;;Não estimável
3162450;São João das Missões;MG;Norte de Minas;13024,00000000000;2;105551,6478358495;1,8948069888120891;1,91466769114434698;0,6701843236710063;0;0;;0,529;;59,6388888888889;0,472222222222222;Não significativo;0,3549860655737705;Não significativo;0;Sem cluster relevante;;Não estimável
2923605;Paramirim;BA;Bahia;20351,00000000001;3;169659,3827889314;1,7682487998510623;1,91236349754826152;0,6254212872379142;0;0;;0,615;;89,1895888790299;27,832002366163856;Não significativo;0,4866932668329177;Não significativo;0;Sem cluster relevante;;Não estimável
2924801;Piritiba;BA;Bahia;17566,00000000000;3;170221,4775654463;1,7624097986381113;1,90408878899408918;0,6233560599604546;0;0;;0,578;;83,6145310837513;36,206110351117196;Não significativo;0,4660287066246057;Não significativo;0;Sem cluster relevante;;Não estimável
2908200;Conceição da Feira;BA;Bahia;20800,00000000001;3;175642,6120217874;1,7080137703872615;1,89234846327590311;0,6041164405063700;0;0;;0,634;;86,7542972699697;8,782319803553374;Não significativo;0,4866932668329177;Não significativo;0;Sem cluster relevante;;Não estimável
2924108;Pedrão;BA;Bahia;6235,00000000000;0;54854,3596513797;0,0000000000000000;1,89168364086378138;0,0000000000000000;0;0;;0,588;;80,0664451827243;5,030849549121974;Não significativo;0,4772403030303030;Não significativo;0;Sem cluster relevante;;Não estimável
2911808;Guaratinga;BA;Bahia;19048,99999999999;3;160319,2383730324;1,8712663747937537;1,88742715689705198;0,6618581191668900;0;0;;0,558;;65,4334621755936;52,733296521258978;Não significativo;0,3683943661971831;Não significativo;1;Cluster de alto risco esporádico (1-2 anos);;Não estimável
2918605;Jussiape;BA;Bahia;7379,00000000000;0;54357,2909982168;0,0000000000000000;1,88641745004056838;0,0000000000000000;0;0;;0,602;;75,9178839320963;17,726016581129095;Não significativo;0,4984820359281438;Não significativo;0;Sem cluster relevante;;Não estimável
2927002;Rio Real;BA;Bahia;35361,99999999999;6;308887,2628411794;1,9424562686111861;1,88523065916773058;0,6870376499169626;0;0;;0,572;;78,6612864941847;3,093599177150091;Não significativo;0,4984820359281438;Não significativo;0;Sem cluster relevante;1,39328208377469e+00;Estável
2925907;Quijingue;BA;Bahia;25272,00000000001;6;214440,7126598623;2,7979761518126325;1,88521582285167444;0,9896310104522823;0;0;;0,544;;78,3549783549784;8,202323991797677;Não significativo;0,3636190839694657;Não significativo;0;Sem cluster relevante;2,17665369884775e+00;Crescente
2922003;Mucuri;BA;Bahia;37977,00000000000;6;325022,8127272427;1,8460242681596524;1,87525213147986447;0,6529301047239983;0;0;;0,665;;50,0822368421053;36,333732057416270;Não significativo;0,3274336538461539;Não significativo;0;Sem cluster relevante;1,07532709343097e+00;Estável
2924652;Pintadas;BA;Bahia;10325,00000000000;3;83790,1944399940;3,5803712117513213;1,87523767778288120;1,2663604647896216;0;0;;0,612;;66,7694896242288;47,952888390353337;Não significativo;0,3904098837209302;Não significativo;0;Sem cluster relevante;;Não estimável
2918555;Jussari;BA;Bahia;5888,00000000000;1;47176,8880786434;2,1196819899036381;1,86803447830209235;0,7497215543266414;0;0;;0,567;;86,8750000000000;66,778846153846146;Não significativo;0,4479010600706714;Não significativo;0;Sem cluster relevante;;Não estimável
2915304;Itagimirim;BA;Bahia;6347,00000000000;2;53169,9706796656;3,7615217282128066;1,86248616604580697;1,3304325507985013;0;0;;0,634;;81,4498933901919;77,057569296375263;Não significativo;0,4326241228070176;Não significativo;0;Sem cluster relevante;;Não estimável
2923357;Ourolândia;BA;Bahia;19243,00000000001;3;148974,9871409613;2,0137608719250135;1,86072794128328778;0,7122577528766135;0;0;;0,560;;54,1475409836066;15,672131147540982;Não significativo;0,4984820359281438;Não significativo;0;Sem cluster relevante;;Não estimável
3155603;Rio Pardo de Minas;MG;Norte de Minas;28271,00000000001;2;239099,8378924813;0,8364706633131898;1,85533262748765937;0,2958557410191095;0;0;;0,624;;48,0777537796976;20,464362850971924;Não significativo;0,4984820359281438;Não significativo;0;Sem cluster relevante;;Não estimável
2908408;Conceição do Coité;BA;Bahia;67825,00000000006;10;547500,5995545560;1,8264820181267301;1,83114552226654737;0,6460181027635586;0;0;;0,611;;83,9618765918988;33,127927039684494;Não significativo;0,4984820359281438;Não significativo;0;Sem cluster relevante;6,45103234659362e-01;Decrescente
2904605;Brumado;BA;Bahia;70510,00000000001;10;560299,2770470618;1,7847604681381837;1,79693608892303014;0,6312613866828830;0;0;;0,656;;79,9877725697982;61,422457713470557;Não significativo;0,2717506493506494;Não significativo;0;Sem cluster relevante;9,10669776636932e-01;Estável
2918704;Lafaiete Coutinho;BA;Bahia;4075,00000000000;2;31508,3575924919;6,3475222220931649;1,77947447022628613;2,2450887676254330;0;0;;0,599;;60,5739238927012;51,278852152214597;Não significativo;0,4308206278026906;Não significativo;0;Sem cluster relevante;;Não estimável
2922706;Nova Canaã;BA;Bahia;13715,00000000000;2;121461,0774468070;1,6466180294472397;1,77052095814435972;0,5824010555826713;0;0;;0,545;;56,9769769769770;48,648648648648653;Não significativo;0,4390558704453442;Não significativo;0;Sem cluster relevante;;Não estimável
2932408;Uibaí;BA;Bahia;13432,00000000000;2;110408,1627352248;1,8114602674770506;1,76801469201259742;0,6407049801822335;0;0;;0,617;;96,9019286007386;1,231021748050882;Não significativo;0,4984820359281438;Não significativo;0;Sem cluster relevante;;Não estimável
2920403;Manoel Vitorino;BA;Bahia;13860,00000000000;2;109185,8196919398;1,8317396944427962;1,76247965169127818;0,6478777181580390;0;0;;0,566;;57,8238341968912;0,476683937823834;Não significativo;0,4891527058823530;Não significativo;0;Sem cluster relevante;;Não estimável
2901601;Antas;BA;Bahia;14206,00000000001;1;136400,2542194357;0,7331364635077855;1,72979274747581413;0,2593069203647766;0;0;;0,592;;79,7279214986619;60,548617305976805;Não significativo;0,4984820359281438;Não significativo;0;Sem cluster relevante;;Não estimável
3150570;Pintópolis;MG;Norte de Minas;7084,00000000000;1;58761,1226061875;1,7018054721349063;1,72259638884980348;0,6019205946022913;0;0;;0,594;;50,3514938488576;2,284710017574692;Não significativo;0,3904098837209302;Não significativo;0;Sem cluster relevante;;Não estimável
2918753;Lagoa Real;BA;Bahia;14105,00000000000;2;120384,8029168234;1,6613392650414893;1,71173215351129904;0,5876078874017364;0;0;;0,545;;67,3450720329293;0,251543562771553;Não significativo;0,4931510489510489;Não significativo;0;Sem cluster relevante;;Não estimável
2913101;Ibititá;BA;Bahia;16968,99999999999;2;137622,8854785312;1,4532466697277573;1,70916776632797429;0,5140065147686801;0;0;;0,602;;95,2856904880893;2,098950524737631;Não significativo;0,4018379888268156;Não significativo;0;Sem cluster relevante;;Não estimável
2908606;Conde;BA;Bahia;23654,00000000001;3;200313,8368406759;1,4976499114168118;1,70686392295723577;0,5297117325960831;0;0;;0,560;;67,9036458333333;16,223958333333332;Não significativo;0,4587622149837134;Não significativo;0;Sem cluster relevante;;Não estimável
2933059;Várzea da Roça;BA;Bahia;13800,00000000000;2;112857,4570346626;1,7721469653402939;1,67389301682025171;0,6268000500445661;0;0;;0,539;;75,4521963824289;16,895249453388988;Não significativo;0,4860887931034483;Não significativo;0;Sem cluster relevante;;Não estimável
2927507;Santa Bárbara;BA;Bahia;20952,00000000001;4;169135,0173432009;2,3649744818267799;1,66578994355860344;0,8364803554983365;0;0;;0,583;;71,8307924735613;9,380579590715561;Não significativo;0,4790476190476191;Não significativo;0;Sem cluster relevante;;Não estimável
2926608;Ribeira do Pombal;BA;Bahia;54010,00000000001;7;436391,4126693450;1,6040645614866669;1,66369454327291688;0,5673500940264805;0;0;;0,601;;90,6024970211884;23,524840698337044;Não significativo;0,4866932668329177;Não significativo;0;Sem cluster relevante;9,52015599719864e-01;Estável
2921906;Mucugê;BA;Bahia;12137,00000000000;1;85809,8454110283;1,1653674414748219;1,65608938182923038;0,4121849851750091;0;0;;0,606;;63,8665404637956;34,477046852815903;Não significativo;0,4587622149837134;Não significativo;0;Sem cluster relevante;;Não estimável
3108602;Brasília de Minas;MG;Norte de Minas;32025,00000000003;4;260576,3143906807;1,5350589363248195;1,62575722460305006;0,5429431288307373;0;0;;0,656;;59,3040565686639;54,540379605508008;Não significativo;0,0503000000000000;Hot spot;0;Sem cluster relevante;;Não estimável
2926202;Riachão das Neves;BA;Bahia;21642,00000000000;0;177619,8627384249;0,0000000000000000;1,60922454734247644;0,0000000000000000;0;0;;0,578;;68,4430803571429;0,781250000000000;Não significativo;0,4384483333333333;Não significativo;0;Sem cluster relevante;;Não estimável
2930709;Simões Filho;BA;Bahia;114558,99999999990;20;1012995,2667146152;1,9743428875896687;1,59830041212308083;0,6983157971374598;0;0;;0,675;;94,1779359430605;71,957295373665474;Não significativo;0,0829950000000000;Não significativo;0;Sem cluster relevante;5,94706865748408e-01;Decrescente
2912608;Ibiquera;BA;Bahia;3725,00000000000;0;31355,5852721503;0,0000000000000000;1,59340536865983640;0,0000000000000000;0;0;;0,511;;77,6049766718507;4,898911353032660;Não significativo;0,4891527058823530;Não significativo;0;Sem cluster relevante;;Não estimável
2919157;Lapão;BA;Bahia;25736,00000000001;1;215097,4485526538;0,4649055610509530;1,58753551583345387;0,1644349112302761;0;0;;0,596;;94,6131805157593;16,790830945558739;Não significativo;0,4479010600706714;Não significativo;0;Sem cluster relevante;;Não estimável
2914406;Iraquara;BA;Bahia;23879,00000000000;1;199150,0192473706;0,5021340212665850;1,58609098529281067;0,1776024425821465;0;0;;0,599;;84,9251166216548;2,565676405597840;Não significativo;0,4384483333333333;Não significativo;0;Sem cluster relevante;;Não estimável
2921708;Morro do Chapéu;BA;Bahia;33593,99999999998;4;280154,3467379833;1,4277843790662412;1,58100723457207226;0,5050006222704679;0;0;;0,588;;69,2812657801717;40,085844133984175;Não significativo;0,4984820359281438;Não significativo;0;Sem cluster relevante;;Não estimável
2920809;Marcionílio Souza;BA;Bahia;9267,00000000000;1;79212,2329504439;1,2624312719799369;1,57171689913042956;0,4465160056874308;0;0;;0,561;;74,9922910884983;0,400863398088190;Não significativo;0,4866932668329177;Não significativo;0;Sem cluster relevante;;Não estimável
2917508;Jacobina;BA;Bahia;82590,00000000001;10;663026,1589040415;1,5082361179428638;1,56416465020537898;0,5334560240742096;0;0;;0,649;;90,8629113145889;58,993108357330058;Não significativo;0,4984820359281438;Não significativo;0;Sem cluster relevante;9,50563766226139e-01;Estável
3138104;Lassance;MG;Norte de Minas;7124,00000000001;2;55151,0546959260;3,6264039029297832;1,56068491725071357;1,2826420112407115;0;0;;0,629;;71,7136150234742;4,381846635367762;Não significativo;0,4384483333333333;Não significativo;0;Sem cluster relevante;;Não estimável
2923308;Ouriçangas;BA;Bahia;7715,99999999999;0;65672,7058204586;0,0000000000000000;1,55762586155977689;0,0000000000000000;0;0;;0,607;;74,3083003952569;12,001437297879985;Não significativo;0,4866932668329177;Não significativo;0;Sem cluster relevante;;Não estimável
2921609;Morpará;BA;Bahia;7996,00000000000;2;66595,1419314591;3,0032220699498402;1,55661071673148776;1,0622255267514094;0;0;;0,558;;67,4981923355025;30,332610267534342;Não significativo;0,0541692307692308;Não significativo;0;Sem cluster relevante;;Não estimável
3106655;Berizal;MG;Norte de Minas;4201,00000000000;0;35982,8296733886;0,0000000000000000;1,54901067886053556;0,0000000000000000;0;0;;0,604;;83,4051724137931;17,959770114942529;Não significativo;0,4530457044673540;Não significativo;0;Sem cluster relevante;;Não estimável
3170800;Várzea da Palma;MG;Norte de Minas;33744,00000000003;2;295696,5714237960;0,6763690192178708;1,51648374777100936;0,2392285422066829;0;0;;0,666;;92,2543886664614;51,709270095472746;Não significativo;0,4984820359281438;Não significativo;0;Sem cluster relevante;;Não estimável
2916302;Itapebi;BA;Bahia;9173,99999999999;2;78428,0684444792;2,5501074292245778;1,50728065842346792;0,9019610086063339;0;0;;0,572;;72,5981873111783;1,570996978851964;Não significativo;0,4237253456221198;Não significativo;0;Sem cluster relevante;;Não estimável
2900801;Alcobaça;BA;Bahia;24529,99999999999;5;190550,3553179859;2,6239783135833665;1,48611510610052466;0,9280887931064382;0;0;;0,608;;58,6417577252967;27,435084008929621;Não significativo;0,4437317829457364;Não significativo;0;Sem cluster relevante;1,03436760370593e+00;Estável
2901353;Andorinha;BA;Bahia;15012,00000000000;2;119438,6658650342;1,6744996149404430;1,48311389888786094;0,5922626412887450;0;0;;0,588;;60,6777386344573;37,812447575910078;Não significativo;0,4587622149837134;Não significativo;0;Sem cluster relevante;;Não estimável
2922730;Nova Fátima;BA;Bahia;7967,00000000000;1;63893,1412361383;1,5651132197494695;1,48230460158491306;0,5535731875804115;0;0;;0,597;;91,1861074705111;69,560943643512445;Não significativo;0,4984820359281438;Não significativo;0;Sem cluster relevante;;Não estimável
2926103;Retirolândia;BA;Bahia;13650,99999999999;3;113642,7872905934;2,6398507741003989;1,47858400751956709;0,9337028077683067;0;0;;0,636;;83,0146910847253;28,818675789897362;Não significativo;0,4866932668329177;Não significativo;0;Sem cluster relevante;;Não estimável
2925931;Quixabeira;BA;Bahia;9461,00000000000;1;74608,3745776096;1,3403321083744750;1,47829234254598973;0,4740691652761073;0;0;;0,578;;82,8808864265928;0,470914127423823;Não significativo;0,4984820359281438;Não significativo;0;Sem cluster relevante;;Não estimável
2928307;Santanópolis;BA;Bahia;8716,00000000000;1;71458,1716266658;1,3994200764392828;1,46406979316991315;0,4949683017836381;0;0;;0,592;;65,0181338608638;1,681503461918892;Não significativo;0,4910126168224299;Não significativo;0;Sem cluster relevante;;Não estimável
2902054;Araçás;BA;Bahia;11557,00000000000;2;95970,8902973602;2,0839652459231299;1,45571061687819658;0,7370887098999306;0;0;;0,570;;78,8923973767306;6,801068739373330;Não significativo;0,1957127272727272;Não significativo;0;Sem cluster relevante;;Não estimável
2920304;Malhada de Pedras;BA;Bahia;8670,00000000001;1;68951,7074781423;1,4502904084238950;1,44867639565263495;0,5129608990441119;0;0;;0,578;;48,1431917029107;12,244897959183673;Não significativo;0,3904098837209302;Não significativo;0;Sem cluster relevante;;Não estimável
3164209;São Romão;MG;Norte de Minas;10315,00000000001;1;91581,3213791199;1,0919257168831316;1,44557956870515358;0,3862089924668697;0;0;;0,640;;73,1055480378890;48,680649526387008;Não significativo;0,1122076923076923;Hot spot;0;Sem cluster relevante;;Não estimável
2918506;Jussara;BA;Bahia;16354,00000000000;2;128063,2798439132;1,5617279226626479;1,44464780393684999;0,5523758239164853;0;0;;0,571;;86,4568345323741;0,827338129496403;Não significativo;0,4887847826086957;Não significativo;0;Sem cluster relevante;;Não estimável
2926509;Ribeira do Amparo;BA;Bahia;13841,00000000000;1;115750,8760132812;0,8639243472207164;1,41604715268563708;0,3055659799460718;0;0;;0,512;;82,1866555809603;3,824568696736645;Não significativo;0,4984820359281438;Não significativo;0;Sem cluster relevante;;Não estimável
3115474;Catuti;MG;Norte de Minas;4739,00000000000;0;39006,8858955344;0,0000000000000000;1,37658731999493478;0,0000000000000000;0;0;;0,621;;49,7079439252336;28,738317757009348;Não significativo;0,4866932668329177;Não significativo;0;Sem cluster relevante;;Não estimável
3135100;Janaúba;MG;Norte de Minas;70699,00000000000;8;576818,4232878158;1,3869182531308002;1,37650654572697362;0,4905464656556731;0;0;;0,696;;94,5444064725985;32,437106270844481;Não significativo;0,4660287066246057;Não significativo;0;Sem cluster relevante;1,32188758023972e+00;Estável
2933000;Valente;BA;Bahia;24361,99999999999;1;213875,0511498603;0,4675627169338743;1,35775169686228558;0,1653747347736759;0;0;;0,637;;90,7084528801589;56,278967115427058;Não significativo;0,4866932668329177;Não significativo;0;Sem cluster relevante;;Não estimável
2928950;São Domingos;BA;Bahia;8426,00000000001;1;70624,4588565933;1,4159400527663555;1,34651449587296357;0,5008113397432781;0;0;;0,640;;92,0806985847636;73,682625715146045;Não significativo;0,4970755196304850;Não significativo;0;Sem cluster relevante;;Não estimável
2930600;Serrolândia;BA;Bahia;13335,00000000001;1;108289,7358048082;0,9234485545356722;1,31860817218457727;0,3266194122254387;0;0;;0,590;;94,6923076923077;4,788461538461538;Não significativo;0,4790476190476191;Não significativo;0;Sem cluster relevante;;Não estimável
2931103;Tanquinho;BA;Bahia;7717,00000000000;1;63230,8732312352;1,5815059145917565;1,30933188031316372;0,5593712066772858;0;0;;0,597;;82,1579961464355;49,942196531791907;Não significativo;0,4572421404682274;Não significativo;0;Sem cluster relevante;;Não estimável
2924207;Pedro Alexandre;BA;Bahia;13954,00000000001;1;124121,0124645838;0,8056653584624410;1,30185011616074497;0,2849600495218867;0;0;;0,513;;39,6226415094340;7,483570065719737;Não significativo;0,4984820359281438;Não significativo;0;Sem cluster relevante;;Não estimável
2905602;Camacan;BA;Bahia;22579,00000000001;2;218472,3272354727;0,9154477481463227;1,30181328071688807;0,3237895646206277;0;0;;0,581;;82,2755791505791;70,294401544401538;Não significativo;0,4479010600706714;Não significativo;0;Sem cluster relevante;;Não estimável
2907806;Cícero Dantas;BA;Bahia;30907,00000000003;4;258130,1690305800;1,5496057725535097;1,29099521780415416;0,5480882764141276;0;0;;0,585;;82,5394105551748;52,064770390678547;Não significativo;0,4520062068965517;Não significativo;0;Sem cluster relevante;;Não estimável
2900306;Acajutiba;BA;Bahia;13795,00000000000;3;116902,4254737904;2,5662427343499412;1,28660423842055516;0,9076679901704279;0;0;;0,582;;87,9194630872483;0,188758389261745;Não significativo;0,4479010600706714;Não significativo;0;Sem cluster relevante;;Não estimável
2903953;Bom Jesus da Serra;BA;Bahia;9729,99999999999;1;79066,8762899725;1,2647521274681035;1,28653480028581768;0,4473368813622930;0;0;;0,546;;40,5362776025237;0,157728706624606;Não significativo;0,4587622149837134;Não significativo;0;Sem cluster relevante;;Não estimável
2908002;Coaraci;BA;Bahia;17333,00000000000;2;137178,2220366549;1,4579573712987677;1,28631490458052378;0,5156726677673888;0;0;;0,613;;86,5635790421859;85,332532652754850;Não significativo;0,4866932668329177;Não significativo;0;Sem cluster relevante;;Não estimável
2919702;Macarani;BA;Bahia;21599,00000000001;2;164366,8764255099;1,2167901729922987;1,28261385834628339;0,4303729635531983;0;0;;0,605;;85,3018372703412;83,367868490122945;Não significativo;0,4390004065040651;Não significativo;0;Sem cluster relevante;;Não estimável
2910800;Feira de Santana;BA;Bahia;616272,00000000012;64;5040296,1338750646;1,2697666625154369;1,27433399772851530;0,4491104988331303;0;0;;0,712;;89,3317448283331;64,625979277230229;Não significativo;0,4890614457831326;Não significativo;0;Sem cluster relevante;1,09089584725342e+00;Estável
2912004;Ibiassucê;BA;Bahia;10429,00000000001;0;79050,2533491886;0,0000000000000000;1,26975158444648772;0,0000000000000000;0;0;;0,611;;62,5601812517700;0,509770603228547;Não significativo;0,4479010600706714;Não significativo;0;Sem cluster relevante;;Não estimável
3160454;Santo Antônio do Retiro;MG;Norte de Minas;6628,99999999999;1;55932,7570251992;1,7878610910409327;1,26950961506432702;0,6323580624262738;0;0;;0,570;;58,0835603996367;27,792915531335151;Não significativo;0,4537265306122449;Não significativo;0;Sem cluster relevante;;Não estimável
2919603;Macajuba;BA;Bahia;10453,99999999999;2;87918,9107492708;2,2748234514684182;1,26908542835332350;0,8045943598978873;0;0;;0,524;;70,7291935068281;39,190930172635916;Não significativo;0,3069443181818182;Não significativo;0;Sem cluster relevante;;Não estimável
2908507;Conceição do Jacuípe;BA;Bahia;35307,99999999999;3;279773,3208719292;1,0722966688354458;1,26749150470626382;0,3792662904566817;0;0;;0,663;;51,7327505463628;6,080237277552294;Não significativo;0,4866932668329177;Não significativo;0;Sem cluster relevante;;Não estimável
2920106;Mairi;BA;Bahia;17674,00000000000;2;146446,8453331123;1,3656832248251858;1,26279732138044132;0,4830357359786336;0;0;;0,572;;66,6300768386389;48,094715383409124;Não significativo;0,4142352941176471;Não significativo;0;Sem cluster relevante;;Não estimável
2926301;Riachão do Jacuípe;BA;Bahia;33385,99999999997;3;271738,0506264045;1,1040043869765264;1,24771061575478015;0,3904811612920766;0;0;;0,628;;86,1142217245241;59,550471924492079;Não significativo;0,4866932668329177;Não significativo;0;Sem cluster relevante;;Não estimável
2917706;Jaguarari;BA;Bahia;32702,99999999999;3;269847,2640037292;1,1117400100667840;1,24457421887996511;0,3932172148107351;0;0;;0,659;;78,4588146024787;59,615546749852456;Não significativo;0,4984820359281438;Não significativo;0;Sem cluster relevante;;Não estimável
2901809;Antônio Gonçalves;BA;Bahia;10862,00000000000;0;91739,4174357630;0,0000000000000000;1,24336743720584786;0,0000000000000000;0;0;;0,598;;81,3697857948140;7,102593010146562;Não significativo;0,4772403030303030;Não significativo;0;Sem cluster relevante;;Não estimável
2923902;Pau Brasil;BA;Bahia;9369,99999999999;1;77015,3959393854;1,2984416788391837;1,23382496657789287;0,4592527172937206;0;0;;0,583;;71,1293260473588;64,146933819064969;Não significativo;0,4984820359281438;Não significativo;0;Sem cluster relevante;;Não estimável
2904902;Cachoeira;BA;Bahia;29249,99999999999;3;254747,9339476740;1,1776346734243617;1,22863812409873652;0,4165238474422271;0;0;;0,647;;69,0800522485538;52,631087889531628;Não significativo;0,4482877192982456;Não significativo;0;Sem cluster relevante;;Não estimável
2925253;Ponto Novo;BA;Bahia;17937,99999999999;2;133145,3404339919;1,5021179062526187;1,22822941442960420;0,5312920413636151;0;0;;0,580;;87,3373532211996;3,141859727070771;Não significativo;0,2854373493975904;Não significativo;0;Sem cluster relevante;;Não estimável
2902658;Banzaê;BA;Bahia;11957,99999999999;1;101624,2307099725;0,9840172890006130;1,22609329706274228;0,3480422888470008;0;0;;0,579;;74,0279542566709;3,329097839898348;Não significativo;0,4814220289855072;Não significativo;0;Sem cluster relevante;;Não estimável
2905107;Caém;BA;Bahia;10384,00000000000;0;78956,0905254290;0,0000000000000000;1,20842357697324454;0,0000000000000000;0;0;;0,546;;74,3265993265993;14,085297418630752;Não significativo;0,4866932668329177;Não significativo;0;Sem cluster relevante;;Não estimável
2901700;Antônio Cardoso;BA;Bahia;11146,00000000001;1;92188,1087258514;1,0847386000441723;1,19201210683161696;0,3836669430305406;0;0;;0,561;;67,6847004072135;11,314717859220478;Não significativo;0,4814220289855072;Não significativo;0;Sem cluster relevante;;Não estimável
2929404;São Miguel das Matas;BA;Bahia;10333,99999999999;1;88822,9268813628;1,1258354516234974;1,18955284085958435;0,3982027062208405;0;0;;0,593;;52,7777777777778;19,025157232704405;Não significativo;0,4887847826086957;Não significativo;0;Sem cluster relevante;;Não estimável
2906907;Caravelas;BA;Bahia;20579,99999999999;2;172306,9812458054;1,1607190756518972;1,18082152593466461;0,4105408800373321;0;0;;0,616;;79,3433083956775;29,731227486838456;Não significativo;0,4142352941176471;Não significativo;0;Sem cluster relevante;;Não estimável
2910602;Esplanada;BA;Bahia;32553,99999999999;3;283802,4991564313;1,0570731437944128;1,17942207252517717;0,3738818012217598;0;0;;0,589;;79,1851441241685;1,579822616407982;Não significativo;0,4142352941176471;Não significativo;0;Sem cluster relevante;;Não estimável
2923506;Palmeiras;BA;Bahia;10339,00000000000;1;78802,2772751096;1,2689988596507966;1,17089476601548581;0,4488389305696662;0;0;;0,643;;64,1146993318486;31,236080178173719;Não significativo;0,4866932668329177;Não significativo;0;Sem cluster relevante;;Não estimável
2925709;Presidente Jânio Quadros;BA;Bahia;12620,99999999999;1;100422,1992641889;0,9957957576384260;1,16479920588268970;0,3522082778287396;0;0;;0,542;;41,7249943553850;18,627229622939716;Não significativo;0,1387586206896552;Hot spot;0;Sem cluster relevante;;Não estimável
2900405;Água Fria;BA;Bahia;14497,00000000000;1;126883,8092339307;0,7881226186678707;1,16160382853362942;0,2787552649322271;0;0;;0,550;;62,8120411160059;4,754038179148312;Não significativo;0,4710909375000000;Não significativo;0;Sem cluster relevante;;Não estimável
2929800;Saúde;BA;Bahia;10478,00000000000;0;94159,8373902207;0,0000000000000000;1,09892877023081037;0,0000000000000000;0;0;;0,549;;76,8511498610058;29,466767753348496;Não significativo;0,4609485530546624;Não significativo;0;Sem cluster relevante;;Não estimável
2930774;Sobradinho;BA;Bahia;25474,99999999999;2;198241,4977629595;1,0088705052014042;1,08926611335438284;0,3568327545719657;0;0;;0,631;;92,0939147101102;83,696693818878771;Não significativo;0,4984820359281438;Não significativo;0;Sem cluster relevante;;Não estimável
2917334;Iuiu;BA;Bahia;11118,00000000000;1;89549,1080538870;1,1167057067706818;1,08842223053480769;0,3949735583891084;0;0;;0,591;;77,9491573836047;44,130248500428451;Não significativo;0,4384483333333333;Não significativo;0;Sem cluster relevante;;Não estimável
2901502;Anguera;BA;Bahia;11031,00000000000;0;90247,4917159601;0,0000000000000000;1,08435793884647946;0,0000000000000000;0;0;;0,589;;87,0158730158730;26,920634920634924;Não significativo;0,4866932668329177;Não significativo;0;Sem cluster relevante;;Não estimável
2927705;Santa Cruz Cabrália;BA;Bahia;29185,00000000000;4;232449,7888503835;1,7208017351973610;1,08428920718890875;0,6086394835381871;0;0;;0,654;;68,4684684684685;36,754839946329312;Não significativo;0,2706934210526316;Não significativo;0;Sem cluster relevante;;Não estimável
2907707;Chorrochó;BA;Bahia;10579,00000000000;2;87945,5760169366;2,2741337206260828;1,07934926931258546;0,8043504053416634;0;0;;0,600;;62,0099564405725;31,922837585563162;Não significativo;0,0646714285714286;Não significativo;0;Sem cluster relevante;;Não estimável
2906857;Capela do Alto Alegre;BA;Bahia;10744,00000000000;0;90242,3907068888;0,0000000000000000;1,07918967442262681;0,0000000000000000;0;0;;0,599;;81,9911812485496;39,568345323741006;Não significativo;0,4984820359281438;Não significativo;0;Sem cluster relevante;;Não estimável
3142908;Monte Azul;MG;Norte de Minas;20328,00000000000;2;164965,1210635964;1,2123774935605764;1,07712665963311482;0,4288122195840303;0;0;;0,659;;72,7837453086580;17,328846900478840;Não significativo;0,4032156756756757;Não significativo;0;Sem cluster relevante;;Não estimável
2914901;Itacaré;BA;Bahia;27703,99999999998;4;228967,8100067329;1,7469704583724575;1,05514078242990506;0,6178952378952211;0;0;;0,583;;61,7510121457490;48,613360323886639;Não significativo;0,3803506849315068;Não significativo;0;Sem cluster relevante;;Não estimável
2925501;Prado;BA;Bahia;35003,00000000002;3;258615,6634522467;1,1600225446336700;1,04880775384918690;0,4102945202908657;0;0;;0,621;;60,6277244986922;5,614646904969486;Não significativo;0,4984820359281438;Não significativo;0;Sem cluster relevante;;Não estimável
2913408;Igaporã;BA;Bahia;15527,00000000001;1;126008,8588527107;0,7935949972921195;1,04500825141379639;0,2806908195237072;0;0;;0,614;;80,3520261972984;44,453540728612360;Não significativo;0,4984820359281438;Não significativo;0;Sem cluster relevante;;Não estimável
2919009;Lajedinho;BA;Bahia;3527,00000000000;0;29415,6909491449;0,0000000000000000;1,04449968832564610;0,0000000000000000;0;0;;0,546;;69,8275862068966;29,310344827586203;Não significativo;0,4866932668329177;Não significativo;0;Sem cluster relevante;;Não estimável
2933406;Wagner;BA;Bahia;9503,00000000000;1;76267,4709902910;1,3111749832734096;1,01936453307939723;0,4637564272075724;0;0;;0,587;;85,4878048780488;0,792682926829268;Não significativo;0,4866932668329177;Não significativo;0;Sem cluster relevante;;Não estimável
2913507;Iguaí;BA;Bahia;21491,00000000002;2;194597,0502004674;1,0277648083255460;1,01665656129755155;0,3635155807570361;0;0;;0,552;;65,6646962646208;60,118224122751855;Não significativo;0,3108540000000000;Não significativo;0;Sem cluster relevante;;Não estimável
2915601;Itamaraju;BA;Bahia;59605,00000000002;5;502376,5642751108;0,9952693568050094;1,00434116243367466;0,3520220923287884;0;0;;0,627;;82,6366855198418;75,196578838460482;Não significativo;0,3859686666666667;Não significativo;0;Sem cluster relevante;1,31301856488030e+00;Estável
3124302;Espinosa;MG;Norte de Minas;30443,00000000003;2;250567,4117572058;0,7981883940829287;1,00247523314604114;0,2823154823731571;0;0;;0,627;;83,5885582201676;14,061446595396321;Não significativo;0,4660287066246057;Não significativo;0;Sem cluster relevante;;Não estimável
2906873;Capim Grosso;BA;Bahia;33234,99999999998;2;261146,9925621759;0,7658522046827035;0,99535958479866971;0,2708783242081063;0;0;;0,621;;93,9004554326610;11,784320104098894;Não significativo;0,4867264705882353;Não significativo;0;Sem cluster relevante;;Não estimável
2922656;Nordestina;BA;Bahia;18523,00000000001;2;129325,2229663322;1,5464887313750615;0,99149160965220462;0,5469857936038111;0;0;;0,560;;57,6499388004896;1,766043014513027;Não significativo;0,3655862318840580;Não significativo;0;Sem cluster relevante;;Não estimável
2933109;Várzea do Poço;BA;Bahia;8101,00000000001;0;69757,6022769288;0,0000000000000000;0,98800012407793569;0,0000000000000000;0;0;;0,575;;81,8012422360248;32,111801242236027;Não significativo;0,4479010600706714;Não significativo;0;Sem cluster relevante;;Não estimável
3132107;Itacarambi;MG;Norte de Minas;17207,99999999999;0;142228,7947465408;0,0000000000000000;0,98388438002852008;0,0000000000000000;0;0;;0,641;;85,6259370314843;47,676161919040474;Não significativo;0,2657743243243244;Não significativo;0;Sem cluster relevante;;Não estimável
2919058;Lajedo do Tabocal;BA;Bahia;7494,00000000000;0;64752,2882004041;0,0000000000000000;0,98352366741550001;0,0000000000000000;0;0;;0,584;;65,3479853479853;0,549450549450549;Não significativo;0,4866932668329177;Não significativo;0;Sem cluster relevante;;Não estimável
2907509;Catu;BA;Bahia;48147,99999999996;4;416870,2751722046;0,9595311151287157;0,98302180235485392;0,3393816442681478;0;0;;0,677;;90,0895979020979;73,087849650349639;Não significativo;0,4891527058823530;Não significativo;0;Sem cluster relevante;;Não estimável
3162708;São João do Paraíso;MG;Norte de Minas;23910,00000000002;1;192122,5179296560;0,5205011941214208;0,98287817639334085;0,1840988252692210;0;0;;0,615;;72,4980504289056;41,590850012997137;Não significativo;0,4326241228070176;Não significativo;0;Sem cluster relevante;;Não estimável
2906303;Canavieiras;BA;Bahia;32683,00000000003;2;258948,7203223858;0,7723536913061557;0,97335380243629133;0,2731778694606421;0;0;;0,590;;65,9749642947156;52,633789800890526;Não significativo;0,4486689895470383;Não significativo;0;Sem cluster relevante;;Não estimável
2932200;Ubaitaba;BA;Bahia;17595,99999999999;3;147046,5323879799;2,0401705169657105;0,97276151599011684;0,7215987201648368;0;0;;0,611;;88,7263206530109;76,081934390882495;Não significativo;0,2657743243243244;Não significativo;0;Sem cluster relevante;;Não estimável
2930402;Serra Preta;BA;Bahia;17996,00000000000;0;132944,2642452466;0,0000000000000000;0,96609941078887207;0,0000000000000000;0;0;;0,566;;58,2575887497856;20,768307322929171;Não significativo;0,4142352941176471;Não significativo;0;Sem cluster relevante;;Não estimável
3136579;Josenópolis;MG;Norte de Minas;3630,00000000000;0;33923,4817258071;0,0000000000000000;0,96158540098303502;0,0000000000000000;0;0;;0,564;;69,3993506493506;51,948051948051940;Não significativo;0,4805129411764706;Não significativo;0;Sem cluster relevante;;Não estimável
2931905;Tucano;BA;Bahia;48735,99999999999;3;403502,1063408115;0,7434905426407115;0,96146666676686710;0,2629691094752815;0;0;;0,579;;73,3076436418013;49,565767527463045;Não significativo;0,4891527058823530;Não significativo;0;Sem cluster relevante;;Não estimável
2924058;Pé de Serra;BA;Bahia;13243,00000000000;1;108322,2666243929;0,9231712289288558;0,96038943453817294;0,3265213234621301;0;0;;0,587;;67,1996719967200;13,817138171381712;Não significativo;0,4419640316205534;Não significativo;0;Sem cluster relevante;;Não estimável
2917003;Itiúba;BA;Bahia;33872,00000000002;0;283933,0514535844;0,0000000000000000;0,94491973010659347;0,0000000000000000;0;0;;0,544;;61,4689546547293;25,026941888419135;Não significativo;0,4032156756756757;Não significativo;0;Sem cluster relevante;;Não estimável
2929008;São Félix;BA;Bahia;11026,00000000001;1;103440,6672016399;0,9667377706010643;0,94381505080407269;0,3419306044272477;0;0;;0,639;;64,1730279898219;60,585241730279890;Não significativo;0,3990089887640449;Não significativo;0;Sem cluster relevante;;Não estimável
2927804;Santa Cruz da Vitória;BA;Bahia;4681,00000000000;0;43953,9574556679;0,0000000000000000;0,93721993438199813;0,0000000000000000;0;0;;0,610;;90,4846335697399;75,118203309692660;Não significativo;0,4984820359281438;Não significativo;0;Sem cluster relevante;;Não estimável
2928000;Santaluz;BA;Bahia;37834,00000000002;2;306426,9800843918;0,6526840421979775;0,91487452141481018;0,2308512771876258;0;0;;0,598;;73,6576308949127;53,776457482361685;Não significativo;0,4866932668329177;Não significativo;0;Sem cluster relevante;;Não estimável
2906105;Canápolis;BA;Bahia;10225,00000000000;1;80721,7029332702;1,2388242116580035;0,89701063295592598;0,4381662994381234;0;0;;0,565;;58,9355911702449;28,364076201995768;Não significativo;0,2397109375000000;Não significativo;0;Sem cluster relevante;;Não estimável
2911907;Iaçu;BA;Bahia;24607,00000000001;1;197094,3613143239;0,5073711867409596;0,89632404813343003;0,1794548033883505;0;0;;0,574;;83,1223628691983;35,409726848767484;Não significativo;0,4867264705882353;Não significativo;0;Sem cluster relevante;;Não estimável
2916906;Itiruçu;BA;Bahia;10999,00000000001;0;94810,2290388868;0,0000000000000000;0,89314938056914794;0,0000000000000000;0;0;;0,600;;85,4517996476214;39,793606846211929;Não significativo;0,4984820359281438;Não significativo;0;Sem cluster relevante;;Não estimável
2904001;Boninal;BA;Bahia;13622,00000000000;1;113331,9050209574;0,8823640613956676;0,88460709505234880;0,3120880201570243;0;0;;0,612;;97,4187600829684;0,967964968886840;Não significativo;0,3904098837209302;Não significativo;0;Sem cluster relevante;;Não estimável
2909307;Correntina;BA;Bahia;32457,00000000001;2;262860,8732095944;0,7608587674458810;0,87348220489699380;0,2691121689336572;0;0;;0,603;;67,4233020039014;8,716084412129810;Não significativo;0,4227089201877934;Não significativo;0;Sem cluster relevante;;Não estimável
2914000;Ipirá;BA;Bahia;56875,99999999996;4;471493,7235516518;0,8483676028323214;0,87322371382205732;0,3000636325945900;0;0;;0,549;;72,4466229909978;53,631521892821802;Não significativo;0,3904098837209302;Não significativo;0;Sem cluster relevante;;Não estimável
2923035;Novo Horizonte;BA;Bahia;11161,99999999999;2;95475,7133391051;2,0947735607866216;0,86943663706770624;0,7409115600527864;0;0;;0,597;;90,5163329820864;0,131717597471022;Não significativo;0,3069443181818182;Não significativo;0;Sem cluster relevante;;Não estimável
2903805;Boa Vista do Tupim;BA;Bahia;16872,99999999999;2;142750,6222674621;1,4010446807389298;0,86557041215520014;0,4955429166864860;0;0;;0,551;;68,5063291139241;4,860759493670886;Não significativo;0,4390004065040651;Não significativo;0;Sem cluster relevante;;Não estimável
2911105;Formosa do Rio Preto;BA;Bahia;25898,99999999998;2;210406,1365526165;0,9505426185608696;0,86439879261395391;0,3362024552907430;0;0;;0,618;;71,5092024539877;7,509202453987730;Não significativo;0,4479010600706714;Não significativo;0;Sem cluster relevante;;Não estimável
2916401;Itapetinga;BA;Bahia;65897,00000000000;5;576477,0423024786;0,8673372282146304;0,85761151434857619;0,3067730999082531;0;0;;0,667;;96,6747028015629;94,026934907307336;Não significativo;0,4125670212765958;Não significativo;0;Sem cluster relevante;9,63867634792343e-01;Estável
2904852;Cabaceiras do Paraguaçu;BA;Bahia;16559,00000000000;1;142845,2855247507;0,7000581057515758;0,84931398552640880;0,2476072607414547;0;0;;0,581;;82,2012699634405;6,638445256878970;Não significativo;0,4984820359281438;Não significativo;0;Sem cluster relevante;;Não estimável
2925105;Poções;BA;Bahia;48293,00000000002;3;386658,5550390466;0,7758783456109088;0,83762119306336413;0,2744245231173746;0;0;;0,604;;82,8994959976282;67,554106136970063;Não significativo;0,4248310810810811;Não significativo;0;Sem cluster relevante;;Não estimável
2924306;Piatã;BA;Bahia;20086,00000000001;1;150581,8513111997;0,6640906532177981;0,83473242300360639;0,2348857418781372;0;0;;0,571;;57,2279951100245;3,499388753056234;Não significativo;0,3472886956521739;Não significativo;0;Sem cluster relevante;;Não estimável
2929909;Seabra;BA;Bahia;46160,00000000004;2;367377,1679692772;0,5443996454802152;0,82984095326903773;0,1925515951583162;0;0;;0,635;;78,2455477943490;3,083506387263231;Não significativo;0,4887847826086957;Não significativo;0;Sem cluster relevante;;Não estimável
2905503;Caldeirão Grande;BA;Bahia;13080,00000000001;1;106993,7837607252;0,9346337374480962;0,81112024418672424;0,3305755588353891;0;0;;0,573;;90,2564102564103;15,617715617715620;Não significativo;0,4805129411764706;Não significativo;0;Sem cluster relevante;;Não estimável
2920502;Maracás;BA;Bahia;27619,99999999999;1;197039,5551764584;0,5075123109694659;0,80448275795576152;0,1795047183644898;0;0;;0,607;;54,9899799599198;2,444889779559118;Não significativo;0,4866932668329177;Não significativo;0;Sem cluster relevante;;Não estimável
2918001;Jequié;BA;Bahia;158812,99999999994;10;1284613,8739293821;0,7784440292094900;0,79830360222774166;0,2753319933438524;0;0;;0,665;;92,1251404373001;83,387779794313360;Não significativo;0,3538050847457627;Não significativo;0;Sem cluster relevante;9,50055869071803e-01;Estável
2910859;Filadélfia;BA;Bahia;17897,00000000000;0;138784,8671835882;0,0000000000000000;0,79303236442320946;0,0000000000000000;0;0;;0,565;;82,0246913580247;23,193415637860081;Não significativo;0,4734760869565217;Não significativo;0;Sem cluster relevante;;Não estimável
3139250;Mamonas;MG;Norte de Minas;5997,00000000001;0;50415,2973793885;0,0000000000000000;0,79099890182160115;0,0000000000000000;0;0;;0,618;;61,6071428571429;8,928571428571429;Não significativo;0,4384483333333333;Não significativo;0;Sem cluster relevante;;Não estimável
2932507;Una;BA;Bahia;18131,00000000000;1;148192,4937248504;0,6747980109280729;0,79068898261969667;0,2386728839605415;0;0;;0,560;;67,5410781204958;35,831651772845206;Não significativo;0,4587622149837134;Não significativo;0;Sem cluster relevante;;Não estimável
2932002;Uauá;BA;Bahia;24665,00000000000;2;197434,9953093808;1,0129916415608078;0,78939169610892723;0,3582903811271191;0;0;;0,605;;54,4413919413919;13,679029304029305;Não significativo;0,2856321428571428;Não significativo;0;Sem cluster relevante;;Não estimável
2911709;Guanambi;BA;Bahia;87817,00000000000;5;703548,9264183410;0,7106826280660008;0,78710934562474844;0,2513651043337904;0;0;;0,673;;85,8751110964811;60,423318739919019;Não significativo;0,4866932668329177;Não significativo;0;Sem cluster relevante;8,24477758991651e-01;Estável
2920700;Maraú;BA;Bahia;24527,00000000002;0;183396,4786950708;0,0000000000000000;0,78279866652565333;0,0000000000000000;0;0;;0,593;;22,1445221445221;9,242424242424242;Não significativo;0,3636190839694657;Não significativo;0;Sem cluster relevante;;Não estimável
3145059;Nova Porteirinha;MG;Norte de Minas;6706,00000000000;0;56968,8984865561;0,0000000000000000;0,76173513048018582;0,0000000000000000;0;0;;0,641;;95,5634427684117;32,298136645962735;Não significativo;0,4479010600706714;Não significativo;0;Sem cluster relevante;;Não estimável
2913002;Ibitiara;BA;Bahia;14637,00000000000;1;125072,9794584987;0,7995332039977640;0,75288081687481989;0,2827911353175264;0;0;;0,585;;67,9119150609516;8,297286669288242;Não significativo;0,2038946428571429;Não significativo;0;Sem cluster relevante;;Não estimável
2902906;Barra do Choça;BA;Bahia;36539,00000000000;2;276759,4300319369;0,7226492697174612;0,74947367211969840;0,2555976492257772;0;0;;0,551;;78,8417618270799;20,725938009787928;Não significativo;0,3904098837209302;Não significativo;0;Sem cluster relevante;;Não estimável
2928604;Santo Amaro;BA;Bahia;56012,00000000004;3;469924,9034614571;0,6383998757891021;0,74453478358418068;0,2257990346845844;0;0;;0,646;;82,0473126602487;58,395820231241835;Não significativo;0,4866932668329177;Não significativo;0;Sem cluster relevante;;Não estimável
2907004;Cardeal da Silva;BA;Bahia;8365,00000000000;1;71406,4357384168;1,4004339940216315;0,73590285792066068;0,4953269196656687;0;0;;0,552;;76,2123893805310;4,318584070796460;Não significativo;0,4486689895470383;Não significativo;0;Sem cluster relevante;;Não estimável
2930204;Sento Sé;BA;Bahia;38153,99999999999;2;321325,8159584819;0,6224212001249277;0,73251575058101326;0,2201474522245331;0;0;;0,585;;82,5670825499915;37,181678345581950;Não significativo;0,4326241228070176;Não significativo;0;Sem cluster relevante;;Não estimável
2908309;Conceição do Almeida;BA;Bahia;15794,00000000000;0;132930,8108570248;0,0000000000000000;0,72921155109356295;0,0000000000000000;0;0;;0,606;;58,9310584958217;11,263927576601672;Não significativo;0,4479010600706714;Não significativo;0;Sem cluster relevante;;Não estimável
2933307;Vitória da Conquista;BA;Bahia;370879,00000000006;21;2905928,3752784114;0,7226606195339563;0,72707969169313091;0,2556016636025112;0;0;;0,678;;90,5230049348858;80,870926007700589;Não significativo;0,4032156756756757;Não significativo;1;Cluster de alto risco esporádico (1-2 anos);1,07081676874573e+00;Estável
2930501;Serrinha;BA;Bahia;80435,00000000003;4;656211,3187283751;0,6095597387364963;0,72502186564941595;0,2155984137984976;0;0;;0,634;;93,9673969473575;57,425674038694495;Não significativo;0,4814220289855072;Não significativo;0;Sem cluster relevante;;Não estimável
2920205;Malhada;BA;Bahia;15398,00000000001;1;130071,4782813900;0,7688080532433490;0,72383731239432336;0,2719237939473392;0;0;;0,562;;59,8628143837040;0,602785283724797;Não significativo;0,4032156756756757;Não significativo;0;Sem cluster relevante;;Não estimável
2932457;Umburanas;BA;Bahia;13642,00000000001;0;132310,4504430798;0,0000000000000000;0,71881934400237579;0,0000000000000000;0;0;;0,515;;74,4035674470457;22,140468227424751;Não significativo;0,4805129411764706;Não significativo;0;Sem cluster relevante;;Não estimável
2909604;Crisópolis;BA;Bahia;19728,99999999999;1;164976,6478705202;0,6061463927821089;0,70704688730671283;0,2143911293819828;0;0;;0,543;;76,9431833814830;1,623331957628284;Não significativo;0,3472886956521739;Não significativo;0;Sem cluster relevante;;Não estimável
3143450;Montezuma;MG;Norte de Minas;6888,00000000001;0;60874,3507051065;0,0000000000000000;0,70205358633469939;0,0000000000000000;0;0;;0,587;;67,0930745478606;33,833259814733132;Não significativo;0,4866932668329177;Não significativo;0;Sem cluster relevante;;Não estimável
2907558;Caturama;BA;Bahia;8840,99999999999;1;73328,9546617993;1,3637177900763804;0,69913716957327166;0,4823405709483032;0;0;;0,571;;61,4593698175788;21,592039800995025;Não significativo;0,1957127272727272;Não significativo;0;Sem cluster relevante;;Não estimável
2909802;Cruz das Almas;BA;Bahia;60348,00000000005;3;502260,0045580401;0,5973001976615334;0,69604584222835453;0,2112622717574595;0;0;;0,699;;86,5276627082758;55,095277547638780;Não significativo;0,4984820359281438;Não significativo;0;Sem cluster relevante;;Não estimável
2931301;Tapiramutá;BA;Bahia;15817,99999999999;0;132300,0248846009;0,0000000000000000;0,69356250685890741;0,0000000000000000;0;0;;0,594;;80,0626713670192;1,370936153544849;Não significativo;0,4984820359281438;Não significativo;0;Sem cluster relevante;;Não estimável
2932309;Ubatã;BA;Bahia;16094,00000000001;1;172699,4999301047;0,5790404722681434;0,67951965178977458;0,2048038927323434;0;0;;0,593;;85,4657113613101;68,764926646195832;Não significativo;0,4887847826086957;Não significativo;0;Sem cluster relevante;;Não estimável
2917805;Jaguaripe;BA;Bahia;17659,00000000000;1;147803,6431794148;0,6765733093507901;0,67840538664912398;0,2393007986662440;0;0;;0,556;;57,4137931034483;6,426332288401254;Não significativo;0,4248310810810811;Não significativo;0;Sem cluster relevante;;Não estimável
2918308;Jitaúna;BA;Bahia;14355,00000000001;0;102561,1863802120;0,0000000000000000;0,67649090071776985;0,0000000000000000;0;0;;0,575;;63,3274751025190;48,564733450497947;Não significativo;0,3882128205128205;Não significativo;0;Sem cluster relevante;;Não estimável
3146552;Pai Pedro;MG;Norte de Minas;5551,00000000000;0;46758,3460193375;0,0000000000000000;0,67177659652694166;0,0000000000000000;0;0;;0,590;;35,3892821031345;0,252780586450961;Não significativo;0,3672985611510792;Não significativo;0;Sem cluster relevante;;Não estimável
3152131;Ponto Chique;MG;Norte de Minas;3747,00000000000;0;32213,8808559445;0,0000000000000000;0,66389643676451471;0,0000000000000000;0;0;;0,606;;70,6761006289308;39,701257861635220;Não significativo;0,0868818181818182;Hot spot;0;Sem cluster relevante;;Não estimável
2931400;Teodoro Sampaio;BA;Bahia;7110,00000000001;0;58468,8671049506;0,0000000000000000;0,66184233141230520;0,0000000000000000;0;0;;0,594;;85,1993865030675;25,383435582822084;Não significativo;0,4733841121495327;Não significativo;0;Sem cluster relevante;;Não estimável
2911600;Governador Mangabeira;BA;Bahia;20605,00000000001;1;167191,5018550330;0,5981165244074855;0,65613284315037834;0,2115510026896129;0;0;;0,643;;67,6428571428571;1,185714285714286;Não significativo;0,4248310810810811;Não significativo;0;Sem cluster relevante;;Não estimável
2916500;Itapicuru;BA;Bahia;31678,99999999998;1;273561,9478848520;0,3655479161966346;0,65250114592136688;0,1292925793667118;0;0;;0,486;;80,1957499338683;23,463539370425888;Não significativo;0,4984820359281438;Não significativo;0;Sem cluster relevante;;Não estimável
2903409;Belmonte;BA;Bahia;20121,00000000001;1;175076,7777601781;0,5711779784808524;0,65091188431335145;0,2020229656446158;0;0;;0,598;;66,0146025623364;52,376360380217655;Não significativo;0,4790476190476191;Não significativo;0;Sem cluster relevante;;Não estimável
3146255;Padre Carvalho;MG;Norte de Minas;5058,00000000000;0;45858,4820319114;0,0000000000000000;0,64082908273123229;0,0000000000000000;0;0;;0,599;;81,3683567501527;48,564447159437997;Não significativo;0,4866932668329177;Não significativo;0;Sem cluster relevante;;Não estimável
2902401;Aurelino Leal;BA;Bahia;11179,00000000000;0;90903,4144969535;0,0000000000000000;0,63650413968603514;0,0000000000000000;0;0;;0,568;;85,0632911392405;55,265822784810126;Não significativo;0,2397109375000000;Não significativo;0;Sem cluster relevante;;Não estimável
2933505;Wenceslau Guimarães;BA;Bahia;24474,00000000001;1;184555,4211092049;0,5418426584219822;0,62834414868274635;0,1916472008572736;0;0;;0,544;;46,0382349404833;28,664181796320786;Não significativo;0,3655862318840580;Não significativo;0;Sem cluster relevante;;Não estimável
2929750;Saubara;BA;Bahia;11437,99999999999;1;95066,2471188749;1,0518980503664541;0,62686338972436928;0,3720513950065468;0;0;;0,617;;96,5470548408937;33,039945836154367;Não significativo;0,3830277027027027;Não significativo;0;Sem cluster relevante;;Não estimável
2923209;Oliveira dos Brejinhos;BA;Bahia;20715,00000000001;1;171664,2218140710;0,5825325681918141;0,62124342976014757;0,2060390306427576;0;0;;0,554;;80,7569721115538;5,949535192563081;Não significativo;0,2431166666666666;Não significativo;0;Sem cluster relevante;;Não estimável
2923407;Palmas de Monte Alto;BA;Bahia;20078,00000000001;1;168885,2989180527;0,5921178494554606;0,62117031461170091;0,2094292995613352;0;0;;0,586;;46,2719622028643;0,782518824745312;Não significativo;0,3683943661971831;Não significativo;0;Sem cluster relevante;;Não estimável
2932606;Urandi;BA;Bahia;15355,00000000001;0;129143,9531560331;0,0000000000000000;0,61923361614214423;0,0000000000000000;0;0;;0,598;;71,2950340798442;10,399221032132425;Não significativo;0,4866932668329177;Não significativo;0;Sem cluster relevante;;Não estimável
2915106;Itagi;BA;Bahia;13802,99999999999;0;105715,1780722926;0,0000000000000000;0,61232439022267227;0,0000000000000000;0;0;;0,543;;76,6981943250215;61,435941530524509;Não significativo;0,2657743243243244;Não significativo;0;Sem cluster relevante;;Não estimável
2913903;Ipiaú;BA;Bahia;40705,99999999996;2;350825,7539839348;0,5700835749052748;0,61102188454991357;0,2016358802451782;0;0;;0,670;;90,5207842080442;78,683554537492412;Não significativo;0,4790476190476191;Não significativo;0;Sem cluster relevante;;Não estimável
2918407;Juazeiro;BA;Bahia;237820,99999999983;11;1864030,0117901713;0,5901192540047064;0,61078494983523834;0,2087224057466278;0;0;;0,677;;94,8388079016481;78,094114363288043;Não significativo;0,4884880195599022;Não significativo;0;Sem cluster relevante;8,36465742965567e-01;Estável
2901908;Aporá;BA;Bahia;15922,00000000001;0;135842,8834908176;0,0000000000000000;0,60359492485901034;0,0000000000000000;0;0;;0,548;;90,4374003895874;0,726049229679476;Não significativo;0,3359660377358491;Não significativo;0;Sem cluster relevante;;Não estimável
2921104;Medeiros Neto;BA;Bahia;22194,00000000001;0;181280,5389632364;0,0000000000000000;0,60212171529558511;0,0000000000000000;0;0;;0,625;;84,2266824085006;48,795749704840610;Não significativo;0,4567510067114094;Não significativo;0;Sem cluster relevante;;Não estimável
2900603;Aiquara;BA;Bahia;4447,00000000000;0;35858,9652345872;0,0000000000000000;0,59997117436930059;0,0000000000000000;0;0;;0,583;;60,4249667994688;68,592297476759626;Não significativo;0,2358327868852459;Não significativo;0;Sem cluster relevante;;Não estimável
2902500;Baianópolis;BA;Bahia;13614,00000000000;0;111330,7813835573;0,0000000000000000;0,59724239468990181;0,0000000000000000;0;0;;0,589;;78,8043478260870;0,249094202898551;Não significativo;0,2823087500000000;Não significativo;0;Sem cluster relevante;;Não estimável
2923100;Olindina;BA;Bahia;22633,00000000001;1;204589,8827759703;0,4887827229927192;0,59330582317531411;0,1728801511526589;0;0;;0,559;;89,2037948841119;46,907649813858534;Não significativo;0,4866932668329177;Não significativo;0;Sem cluster relevante;;Não estimável
2929206;São Francisco do Conde;BA;Bahia;38733,00000000001;2;320641,3223107732;0,6237499226820029;0,58983571776022281;0,2206174151460960;0;0;;0,674;;95,3954882924043;55,582524271844655;Não significativo;0,4984820359281438;Não significativo;0;Sem cluster relevante;;Não estimável
2928802;Santo Estêvão;BA;Bahia;52276,00000000001;2;428151,4493179648;0,4671244259913058;0,58892124118593125;0,1652197133278765;0;0;;0,626;;87,5007180194152;19,254408639209604;Não significativo;0,4437317829457364;Não significativo;0;Sem cluster relevante;;Não estimável
2932705;Uruçuca;BA;Bahia;21419,99999999999;1;169351,1060074582;0,5904892052821671;0,58680857425462085;0,2088532557741716;0;0;;0,616;;71,0667006109980;58,617617107942976;Não significativo;0,3904098837209302;Não significativo;0;Sem cluster relevante;;Não estimável
2922508;Nazaré;BA;Bahia;27060,00000000000;0;225844,3688429094;0,0000000000000000;0,58098105722008397;0,0000000000000000;0;0;;0,641;;80,2547131969515;53,449659045326911;Não significativo;0,4984820359281438;Não significativo;0;Sem cluster relevante;;Não estimável
3126604;Francisco Dumont;MG;Norte de Minas;4503,00000000000;0;39059,3974015081;0,0000000000000000;0,57906305404309699;0,0000000000000000;0;0;;0,625;;72,0283855706682;37,315198107628625;Não significativo;0,4984820359281438;Não significativo;0;Sem cluster relevante;;Não estimável
2910008;Dário Meira;BA;Bahia;10820,00000000000;0;86412,1434820835;0,0000000000000000;0,57519003010495207;0,0000000000000000;0;0;;0,540;;66,0427102557342;52,333245452148688;Não significativo;0,1595228571428572;Não significativo;0;Sem cluster relevante;;Não estimável
2918100;Jeremoabo;BA;Bahia;37626,00000000002;1;317396,1027442084;0,3150637299431199;0,56182305749493666;0,1114365600358964;0;0;;0,547;;72,7876106194690;34,306784660766958;Não significativo;0,3934897142857142;Não significativo;0;Sem cluster relevante;;Não estimável
2912707;Ibirapitanga;BA;Bahia;25343,99999999999;1;198668,9166313567;0,5033500040952887;0,55546455159958241;0,1780325299918205;0;0;;0,558;;60,3062567292738;50,185428879052516;Não significativo;0,1833155555555556;Não significativo;0;Sem cluster relevante;;Não estimável
2915908;Itanagra;BA;Bahia;5914,00000000000;0;49833,8764987290;0,0000000000000000;0,55400578474592843;0,0000000000000000;0;0;;0,584;;75,3987433542774;7,878202029966168;Não significativo;0,4479010600706714;Não significativo;0;Sem cluster relevante;;Não estimável
2924009;Paulo Afonso;BA;Bahia;112870,00000000007;5;939897,7909179965;0,5319727366436843;0,54780300570448970;0,1881562559268766;0;0;;0,674;;87,2014444157854;82,445189579571831;Não significativo;0,4384483333333333;Não significativo;0;Sem cluster relevante;9,07852832089670e-01;Estável
3127339;Gameleiras;MG;Norte de Minas;4793,00000000000;0;39741,8731342072;0,0000000000000000;0,54373078332033864;0,0000000000000000;0;0;;0,650;;75,9015455065827;0,400686891814539;Não significativo;0,3582341463414634;Não significativo;0;Sem cluster relevante;;Não estimável
2909703;Cristópolis;BA;Bahia;13993,00000000000;1;113017,1193244601;0,8848217030988967;0,54142660958802769;0,3129572764730657;0;0;;0,614;;76,2566844919786;0,342245989304813;Não significativo;0,3100912087912088;Não significativo;0;Sem cluster relevante;;Não estimável
2931350;Teixeira de Freitas;BA;Bahia;145215,99999999988;6;1247164,8316265740;0,4810911795977037;0,53221549926629852;0,1701596884149706;0;0;;0,685;;78,4418356456777;76,111068760481785;Não significativo;0,4984820359281438;Não significativo;0;Sem cluster relevante;9,47468165216218e-01;Estável
2912509;Ibipitanga;BA;Bahia;13863,00000000001;1;116277,6792978830;0,8600102840358345;0,51939041622167292;0,3041815941992099;0;0;;0,584;;58,2754994742376;1,177707676130389;Não significativo;0,1957127272727272;Não significativo;0;Sem cluster relevante;;Não estimável
3171030;Verdelândia;MG;Norte de Minas;7672,00000000000;0;68489,8445133936;0,0000000000000000;0,51473571622116920;0,0000000000000000;0;0;;0,584;;66,0174880763116;23,012718600953896;Não significativo;0,4162507246376812;Não significativo;0;Sem cluster relevante;;Não estimável
2902609;Baixa Grande;BA;Bahia;18219,99999999999;0;155812,5663399625;0,0000000000000000;0,51036633519884944;0,0000000000000000;0;0;;0,585;;63,9291217257319;34,930662557781197;Não significativo;0,4419640316205534;Não significativo;0;Sem cluster relevante;;Não estimável
2925402;Potiraguá;BA;Bahia;10274,00000000000;0;70326,4331202720;0,0000000000000000;0,50727032607756850;0,0000000000000000;0;0;;0,625;;87,0658682634730;76,197604790419163;Não significativo;0,4660287066246057;Não significativo;0;Sem cluster relevante;;Não estimável
2903904;Bom Jesus da Lapa;BA;Bahia;65549,99999999997;3;547798,4733845139;0,5476466521465134;0,50555105839664982;0,1937000461506638;0;0;;0,633;;78,5874707315908;48,650069288478996;Não significativo;0,0541692307692308;Não significativo;0;Sem cluster relevante;;Não estimável
2925808;Queimadas;BA;Bahia;25988,00000000000;1;209190,1518783644;0,4780339757970343;0,50553051306332020;0,1690783698038541;0;0;;0,592;;66,6629760850310;33,547387068201949;Não significativo;0,3655862318840580;Não significativo;0;Sem cluster relevante;;Não estimável
2904506;Brotas de Macaúbas;BA;Bahia;11765,00000000000;0;89486,2950235253;0,0000000000000000;0,50214486057877383;0,0000000000000000;0;0;;0,570;;67,8974600188147;19,920037629350894;Não significativo;0,4866932668329177;Não significativo;0;Sem cluster relevante;;Não estimável
2926400;Riacho de Santana;BA;Bahia;30710,99999999999;1;268284,2871415897;0,3727389369889709;0,50086952040871890;0,1318360096129964;0;0;;0,615;;63,7263637263637;0,752400752400752;Não significativo;0,4520062068965517;Não significativo;0;Sem cluster relevante;;Não estimável
2904100;Boquira;BA;Bahia;19322,00000000000;1;164517,8585363234;0,6078367472666883;0,50070195704903697;0,2149889998161225;0;0;;0,603;;48,9454094292804;4,311414392059553;Não significativo;0,1833155555555556;Não significativo;0;Sem cluster relevante;;Não estimável
2904803;Caatiba;BA;Bahia;6205,00000000000;0;51292,4927387519;0,0000000000000000;0,48809804231842824;0,0000000000000000;0;0;;0,561;;69,6091954022989;69,333333333333343;Não significativo;0,4142352941176471;Não significativo;0;Sem cluster relevante;;Não estimável
2910503;Entre Rios;BA;Bahia;38097,99999999999;1;324228,5677842164;0,3084243954300564;0,46365464165700387;0,1090882586328851;0;0;;0,615;;73,6380255941499;9,696526508226691;Não significativo;0,3100912087912088;Não significativo;0;Sem cluster relevante;;Não estimável
2922102;Mundo Novo;BA;Bahia;17305,00000000000;0;176753,9096823870;0,0000000000000000;0,45640368507264023;0,0000000000000000;0;0;;0,590;;73,5746465744912;23,939723473667858;Não significativo;0,4326241228070176;Não significativo;0;Sem cluster relevante;;Não estimável
2927200;Ruy Barbosa;BA;Bahia;28281,99999999997;0;239752,4284596423;0,0000000000000000;0,45572798593244213;0,0000000000000000;0;0;;0,610;;80,7817589576547;63,508044615536477;Não significativo;0,3882128205128205;Não significativo;0;Sem cluster relevante;;Não estimável
2927606;Santa Brígida;BA;Bahia;14965,00000000000;0;117275,2891158058;0,0000000000000000;0,45411278709689551;0,0000000000000000;0;0;;0,546;;49,4662600076249;31,910026686999622;Não significativo;0,4167033175355451;Não significativo;0;Sem cluster relevante;;Não estimável
2929701;Sátiro Dias;BA;Bahia;16008,00000000000;0;136762,7493055449;0,0000000000000000;0,45315052508516629;0,0000000000000000;0;0;;0,527;;86,2762391956253;24,695713529723054;Não significativo;0,4984820359281438;Não significativo;0;Sem cluster relevante;;Não estimável
2914653;Itabela;BA;Bahia;28165,00000000000;1;238816,5349110010;0,4187314753447313;0,44078023461289345;0,1481033541994718;0;0;;0,599;;80,5509355509355;4,771309771309771;Não significativo;0,3990089887640449;Não significativo;0;Sem cluster relevante;;Não estimável
2911501;Gongogi;BA;Bahia;5555,00000000000;0;50402,9967631711;0,0000000000000000;0,43583830343681601;0,0000000000000000;0;0;;0,576;;73,1621349446123;70,191339375629397;Não significativo;0,4702025078369906;Não significativo;0;Sem cluster relevante;;Não estimável
2927903;Santa Inês;BA;Bahia;10300,00000000001;0;84491,7147528737;0,0000000000000000;0,42448959659256191;0,0000000000000000;0;0;;0,574;;89,8639266870314;77,478478200499850;Não significativo;0,3108540000000000;Não significativo;0;Sem cluster relevante;;Não estimável
2927101;Rodelas;BA;Bahia;10308,00000000000;0;80078,6211076782;0,0000000000000000;0,42289149997662068;0,0000000000000000;0;0;;0,632;;96,2800875273523;71,053454204438879;Não significativo;0,3636190839694657;Não significativo;0;Sem cluster relevante;;Não estimável
2905701;Camaçari;BA;Bahia;300372,00000000000;10;2457504,0087154591;0,4069169354163948;0,42053011872694057;0,1439246069718609;0;0;;0,694;;95,2213773783971;68,020336886528170;Não significativo;0,4479010600706714;Não significativo;0;Sem cluster relevante;8,97838878738694e-01;Decrescente
2910701;Euclides da Cunha;BA;Bahia;61455,99999999999;1;496150,5406918459;0,2015517303690877;0,41218038168040411;0,0712878994534487;0;0;;0,567;;74,9861878453039;20,598526703499079;Não significativo;0,3636190839694657;Não significativo;0;Sem cluster relevante;;Não estimável
2927309;Salinas da Margarida;BA;Bahia;14987,00000000000;2;124497,7378373575;1,6064548920662147;0,41192107784777210;0,5681955427145333;0;0;;0,617;;98,1801125703565;23,095684803001877;Não significativo;0,2792294871794872;Não significativo;0;Sem cluster relevante;;Não estimável
2919959;Maetinga;BA;Bahia;6973,00000000000;0;40382,4932137033;0,0000000000000000;0,40800494289289418;0,0000000000000000;0;0;;0,538;;61,0496104961050;38,376383763837637;Não significativo;0,1556156250000000;Hot spot;0;Sem cluster relevante;;Não estimável
2925303;Porto Seguro;BA;Bahia;168326,00000000012;5;1305012,3800632930;0,3831381277591788;0,40002847135737357;0,1355141544975194;0;0;;0,676;;65,6871534349371;59,363482418567578;Não significativo;0,3448495495495496;Não significativo;0;Sem cluster relevante;1,02083263296859e+00;Estável
2913606;Ilhéus;BA;Bahia;178648,99999999988;6;1385324,2392918747;0,4331116015891683;0,39717677563105547;0,1531895372452044;0;0;;0,690;;82,3987024299402;65,375604481422528;Não significativo;0,0918521739130435;Não significativo;0;Sem cluster relevante;1,33043438096284e+00;Estável
2911204;Gandu;BA;Bahia;32178,00000000000;1;263192,2851770059;0,3799503466932800;0,39551112072276540;0,1343866513215890;0;0;;0,632;;80,3916624642797;67,876954109934445;Não significativo;0,4772403030303030;Não significativo;0;Sem cluster relevante;;Não estimável
2922250;Muquém do São Francisco;BA;Bahia;10443,00000000000;0;88184,0331512008;0,0000000000000000;0,39447194063708091;0,0000000000000000;0;0;;0,549;;73,3372921615202;9,530878859857483;Não significativo;0,0541692307692308;Não significativo;0;Sem cluster relevante;;Não estimável
2915502;Itajuípe;BA;Bahia;18781,00000000000;1;158019,5601348091;0,6328330487357916;0,39195741351735491;0,2238300741277863;0;0;;0,599;;89,0984426346621;66,266609515645087;Não significativo;0,2657743243243244;Não significativo;0;Sem cluster relevante;;Não estimável
2933455;Wanderley;BA;Bahia;12967,99999999999;1;101905,9260603989;0,9812972009177435;0,38899266234032059;0,3470802064803497;0;0;;0,600;;64,7141848976711;3,246294989414256;Não significativo;0,0541692307692308;Não significativo;0;Sem cluster relevante;;Não estimável
2931053;Tanque Novo;BA;Bahia;17157,99999999999;0;139813,3189650725;0,0000000000000000;0,38723229777038837;0,0000000000000000;0;0;;0,599;;65,7818181818182;4,254545454545455;Não significativo;0,4984820359281438;Não significativo;0;Sem cluster relevante;;Não estimável
2923704;Paratinga;BA;Bahia;29251,99999999998;2;248824,0982036917;0,8037806685278390;0,38685052352187582;0,2842934435527253;0;0;;0,590;;46,7029307282416;1,087921847246892;Não significativo;0,0868818181818182;Não significativo;0;Sem cluster relevante;;Não estimável
2916609;Itapitanga;BA;Bahia;10279,00000000000;0;83225,0268343672;0,0000000000000000;0,37587254481448523;0,0000000000000000;0;0;;0,571;;82,5957727873184;82,926023778071340;Não significativo;0,1585212121212121;Não significativo;0;Sem cluster relevante;;Não estimável
3129657;Ibiracatu;MG;Norte de Minas;5081,00000000000;0;42526,9177097092;0,0000000000000000;0,37038400386060671;0,0000000000000000;0;0;;0,591;;83,5963923337091;0,676437429537768;Não significativo;0,3904098837209302;Não significativo;0;Sem cluster relevante;;Não estimável
2930907;Tabocas do Brejo Velho;BA;Bahia;11978,99999999999;0;98952,9461056973;0,0000000000000000;0,36921182358657861;0,0000000000000000;0;0;;0,584;;62,4393978055626;0,229650421025772;Não significativo;0,1815707317073171;Não significativo;0;Sem cluster relevante;;Não estimável
2906808;Cansanção;BA;Bahia;37438,99999999999;0;294631,9453654473;0,0000000000000000;0,36315135862662096;0,0000000000000000;0;0;;0,557;;71,3489759083418;31,986188495644669;Não significativo;0,3904098837209302;Não significativo;0;Sem cluster relevante;;Não estimável
2923050;Novo Triunfo;BA;Bahia;10660,00000000000;0;105550,2011423131;0,0000000000000000;0,35215220730972380;0,0000000000000000;0;0;;0,554;;85,3770692826487;65,113427345187006;Não significativo;0,3683943661971831;Não significativo;0;Sem cluster relevante;;Não estimável
2930758;Sítio do Mato;BA;Bahia;13407,99999999999;0;107133,9604579134;0,0000000000000000;0,34215269791122965;0,0000000000000000;0;0;;0,564;;87,1193210184723;31,877184223664500;Não significativo;0,0829950000000000;Não significativo;0;Sem cluster relevante;;Não estimável
2926905;Rio do Pires;BA;Bahia;10497,00000000000;0;89361,9151480466;0,0000000000000000;0,34061543642142222;0,0000000000000000;0;0;;0,594;;65,3725378247217;5,224093634027976;Não significativo;0,0541692307692308;Não significativo;0;Sem cluster relevante;;Não estimável
2928109;Santa Maria da Vitória;BA;Bahia;38603,99999999999;0;318316,5248927802;0,0000000000000000;0,33941681950899028;0,0000000000000000;0;0;;0,614;;83,6930274675521;19,853607002716572;Não significativo;0,1957127272727272;Não significativo;1;Cluster de alto risco esporádico (1-2 anos);;Não estimável
2906501;Candeias;BA;Bahia;72381,99999999994;2;645070,1309412837;0,3100438082726925;0,33362279475478951;0,1096610373417955;0;0;;0,691;;95,9948564729019;73,491925418857079;Não significativo;0,4891527058823530;Não significativo;0;Sem cluster relevante;;Não estimável
2914703;Itaberaba;BA;Bahia;65073,00000000005;1;526636,6414456142;0,1898842430057670;0,33307935123817789;0,0671611640267289;0;0;;0,620;;90,6309832787304;70,548440624601113;Não significativo;0,3770765517241380;Não significativo;0;Sem cluster relevante;;Não estimável
2903300;Barro Preto;BA;Bahia;5833,00000000000;0;45728,1251893819;0,0000000000000000;0,33047197832698794;0,0000000000000000;0;0;;0,602;;85,1471900089206;80,999107939339879;Não significativo;0,4866932668329177;Não significativo;0;Sem cluster relevante;;Não estimável
3135050;Jaíba;MG;Norte de Minas;37660,00000000001;1;311747,9096337554;0,3207719984954543;0,33022644169847609;0,1134555477859242;0;0;;0,638;;86,7520661157025;27,628099173553718;Não significativo;0,4984820359281438;Não significativo;0;Sem cluster relevante;;Não estimável
2927408;Salvador;BA;Bahia;2417677,99999999907;71;21559658,8356539421;0,3293187547225232;0,33001364053589544;0,1164784952816003;0;0;;0,759;;99,1253683853637;94,972224395587205;Não significativo;0,2344491525423729;Não significativo;0;Sem cluster relevante;9,32327475001790e-01;Estável
2917300;Ituberá;BA;Bahia;21901,99999999999;0;203123,6085485694;0,0000000000000000;0,32795694701355321;0,0000000000000000;0;0;;0,606;;67,5083965667372;47,505908695111330;Não significativo;0,4936635730858469;Não significativo;0;Sem cluster relevante;;Não estimável
2905800;Camamu;BA;Bahia;30469,00000000001;1;266443,1486417790;0,3753145859060747;0,32714922471772562;0,1327470045257845;0;0;;0,565;;63,7400555928304;35,972395284194377;Não significativo;0,3127564356435643;Não significativo;0;Sem cluster relevante;;Não estimável
2916807;Itarantim;BA;Bahia;17052,00000000001;0;148509,9362088738;0,0000000000000000;0,32709024888571381;0,0000000000000000;0;0;;0,610;;82,8662420382166;79,617834394904463;Não significativo;0,3904098837209302;Não significativo;0;Sem cluster relevante;;Não estimável
2904407;Brejolândia;BA;Bahia;9107,99999999999;1;79432,5213033352;1,2589302008697683;0,32543053452886206;0,4452776932957483;0;0;;0,592;;48,4952978056426;0,250783699059561;Não significativo;0,0798882352941176;Não significativo;0;Sem cluster relevante;;Não estimável
2910909;Firmino Alves;BA;Bahia;4873,00000000000;0;42302,0523382528;0,0000000000000000;0,32392197017336666;0,0000000000000000;0;0;;0,578;;95,3333333333333;83,444444444444443;Não significativo;0,4866932668329177;Não significativo;0;Sem cluster relevante;;Não estimável
2921500;Monte Santo;BA;Bahia;47779,99999999999;1;393606,8079457596;0,2540606462624507;0,31964944792673688;0,0898600561387865;0;0;;0,506;;41,7277672658467;4,127246925260170;Não significativo;0,3274336538461539;Não significativo;0;Sem cluster relevante;;Não estimável
2919504;Livramento de Nossa Senhora;BA;Bahia;43902,99999999997;1;365142,7350916514;0,2738655062516849;0,31901523448477204;0,0968649420061355;0;0;;0,611;;71,3664174031271;33,738953093133922;Não significativo;0,4836650289017341;Não significativo;0;Sem cluster relevante;;Não estimável
2924405;Pilão Arcado;BA;Bahia;35357,00000000001;1;286322,8746623366;0,3492560631697030;0,31155778782375471;0,1235302275458297;0;0;;0,506;;43,1487695749441;19,071588366890381;Não significativo;0,0541692307692308;Não significativo;0;Sem cluster relevante;;Não estimável
2916104;Itaparica;BA;Bahia;19788,99999999999;0;169706,9056629751;0,0000000000000000;0,30880044696448344;0,0000000000000000;0;0;;0,670;;94,2888076871024;52,239815942617405;Não significativo;0,1957127272727272;Não significativo;0;Sem cluster relevante;;Não estimável
2900702;Alagoinhas;BA;Bahia;151054,99999999994;3;1236475,4613881628;0,2426251141799424;0,29456020057973720;0,0858153622043723;0;0;;0,683;;94,7521813438877;63,772600521723490;Não significativo;0,2091421052631579;Não significativo;0;Sem cluster relevante;;Não estimável
2933208;Vera Cruz;BA;Bahia;42529,00000000000;0;350264,3620114889;0,0000000000000000;0,29160463416658677;0,0000000000000000;0;0;;0,645;;96,5798537675993;30,171007311620034;Não significativo;0,1957127272727272;Não significativo;0;Sem cluster relevante;;Não estimável
2926004;Remanso;BA;Bahia;40585,99999999999;1;332541,0006242197;0,3007147985129290;0,28479225008729769;0,1063614104493029;0;0;;0,579;;63,4775436754892;54,247581914973388;Não significativo;0,1541451612903226;Não significativo;0;Sem cluster relevante;;Não estimável
2919900;Macururé;BA;Bahia;7256,00000000001;0;60725,8269864083;0,0000000000000000;0,28048380753697033;0,0000000000000000;0;0;;0,604;;69,9507389162562;35,550082101806240;Não significativo;0,3108540000000000;Não significativo;0;Sem cluster relevante;;Não estimável
2906402;Candeal;BA;Bahia;7772,00000000000;0;64436,8836077797;0,0000000000000000;0,27740570123469621;0,0000000000000000;0;0;;0,587;;66,2220620043259;0,396539293439077;Não significativo;0,4984820359281438;Não significativo;0;Sem cluster relevante;;Não estimável
2906600;Candiba;BA;Bahia;13016,00000000000;0;110446,9182613404;0,0000000000000000;0,27298603034209334;0,0000000000000000;0;0;;0,591;;67,6267023889261;0,781424425094887;Não significativo;0,4866932668329177;Não significativo;0;Sem cluster relevante;;Não estimável
2919207;Lauro de Freitas;BA;Bahia;203331,00000000015;4;1651212,4665534119;0,2422462330574108;0,26964362602041198;0,0856813537326098;0;0;;0,754;;97,7397678680513;72,826750949509972;Não significativo;0,4142352941176471;Não significativo;0;Sem cluster relevante;;Não estimável
2925204;Pojuca;BA;Bahia;32135,99999999998;0;291117,7594927908;0,0000000000000000;0,26949120016763423;0,0000000000000000;0;0;;0,666;;85,6539728109432;80,021953896816683;Não significativo;0,4984820359281438;Não significativo;0;Sem cluster relevante;;Não estimável
2928505;Santa Terezinha;BA;Bahia;10441,00000000000;0;84546,0640385219;0,0000000000000000;0,26003053415916672;0,0000000000000000;0;0;;0,587;;86,1699476700723;9,244953899825568;Não significativo;0,4479010600706714;Não significativo;0;Sem cluster relevante;;Não estimável
2902708;Barra;BA;Bahia;51092,00000000003;1;425501,8179589918;0,2350166222077989;0,24364876785692377;0,0831242743644947;0;0;;0,557;;67,9632980098217;31,700697854742828;Não significativo;0,0541692307692308;Não significativo;0;Sem cluster relevante;;Não estimável
2908804;Contendas do Sincorá;BA;Bahia;4333,00000000000;0;33954,8015144642;0,0000000000000000;0,24111904684594668;0,0000000000000000;0;0;;0,577;;67,8524374176548;0,790513833992095;Não significativo;0,4537265306122449;Não significativo;0;Sem cluster relevante;;Não estimável
2910057;Dias D'ávila;BA;Bahia;71484,99999999997;1;621992,2777992466;0,1607737002038406;0,24110670404938256;0,0568649018983968;0;0;;0,676;;92,1978957140647;57,136778585796065;Não significativo;0,4984820359281438;Não significativo;0;Sem cluster relevante;;Não estimável
2913200;Ibotirama;BA;Bahia;26309,00000000000;0;216534,9197396975;0,0000000000000000;0,23298258377178907;0,0000000000000000;0;0;;0,636;;85,4925112058598;64,939324368645458;Não significativo;0,2854373493975904;Não significativo;0;Sem cluster relevante;;Não estimável
2905909;Campo Alegre de Lourdes;BA;Bahia;30671,00000000000;0;242361,4573303954;0,0000000000000000;0,23222726088684884;0,0000000000000000;0;0;;0,557;;26,2855444367383;0,435945704944021;Não significativo;0,3100912087912088;Não significativo;0;Sem cluster relevante;;Não estimável
2904308;Brejões;BA;Bahia;12942,99999999999;0;109587,4677163605;0,0000000000000000;0,22491056218699590;0,0000000000000000;0;0;;0,597;;70,7064297800338;29,251269035532996;Não significativo;0,2952905882352941;Não significativo;0;Sem cluster relevante;;Não estimável
2930154;Serra do Ramalho;BA;Bahia;34222,00000000003;0;267532,7078035528;0,0000000000000000;0,22210966246407712;0,0000000000000000;0;0;;0,595;;89,4774073746573;3,236360420903705;Não significativo;0,0829950000000000;Não significativo;0;Sem cluster relevante;;Não estimável
2929354;São José da Vitória;BA;Bahia;5315,00000000000;0;44117,5704825854;0,0000000000000000;0,22182026703170707;0,0000000000000000;0;0;;0,546;;83,8427947598253;75,448811256671519;Não significativo;0,4866932668329177;Não significativo;0;Sem cluster relevante;;Não estimável
2912400;Ibipeba;BA;Bahia;16603,00000000001;0;140776,4570595712;0,0000000000000000;0,21737976364658637;0,0000000000000000;0;0;;0,616;;84,4646846537206;1,031105000859254;Não significativo;0,4142352941176471;Não significativo;0;Sem cluster relevante;;Não estimável
2912301;Ibicuí;BA;Bahia;13933,99999999999;0;121474,7748760294;0,0000000000000000;0,21496231583416966;0,0000000000000000;0;0;;0,584;;81,1253293187806;68,912307113285664;Não significativo;0,4142352941176471;Não significativo;0;Sem cluster relevante;;Não estimável
2906824;Canudos;BA;Bahia;16104,99999999999;0;132846,1327447158;0,0000000000000000;0,21031572061130013;0,0000000000000000;0;0;;0,562;;69,3169298567756;25,100991553433712;Não significativo;0,1173666666666667;Não significativo;0;Sem cluster relevante;;Não estimável
2913457;Igrapiúna;BA;Bahia;13151,00000000000;0;106165,1680901089;0,0000000000000000;0,20984842422125041;0,0000000000000000;0;0;;0,574;;50,0446030330062;23,684210526315788;Não significativo;0,4411855421686747;Não significativo;0;Sem cluster relevante;;Não estimável
2904753;Buritirama;BA;Bahia;19588,99999999999;0;164811,0619156741;0,0000000000000000;0,20232175452767998;0,0000000000000000;0;0;;0,565;;47,2372881355932;6,627118644067796;Não significativo;0,1595228571428572;Não significativo;0;Sem cluster relevante;;Não estimável
2912905;Ibirataia;BA;Bahia;18792,00000000001;0;137055,2735424028;0,0000000000000000;0,19740847490650248;0,0000000000000000;0;0;;0,576;;76,3489078547664;68,465210473021841;Não significativo;0,4891527058823530;Não significativo;0;Sem cluster relevante;;Não estimável
2924603;Pindobaçu;BA;Bahia;19083,00000000001;0;158161,1025989426;0,0000000000000000;0,19190997992542350;0,0000000000000000;0;0;;0,577;;73,5759727770380;35,596981802041725;Não significativo;0,4866932668329177;Não significativo;0;Sem cluster relevante;;Não estimável
2910727;Eunápolis;BA;Bahia;113710,00000000009;1;927809,0627055356;0,1077807967389273;0,18297508003545046;0,0381215610844275;0;0;;0,677;;85,7267125770207;30,022955176996497;Não significativo;0,4021205555555555;Não significativo;0;Sem cluster relevante;;Não estimável
2922300;Muritiba;BA;Bahia;28706,99999999998;0;236066,7025275598;0,0000000000000000;0,17841631437750016;0,0000000000000000;0;0;;0,660;;89,9709738764888;43,449104193774396;Não significativo;0,3882128205128205;Não significativo;0;Sem cluster relevante;;Não estimável
2915700;Itamari;BA;Bahia;7051,00000000001;0;60669,5055189550;0,0000000000000000;0,17570871672968794;0,0000000000000000;0;0;;0,578;;74,0508806262231;37,025440313111545;Não significativo;0,4866932668329177;Não significativo;0;Sem cluster relevante;;Não estimável
2920452;Mansidão;BA;Bahia;13919,00000000000;0;111888,6899395684;0,0000000000000000;0,17554588770026230;0,0000000000000000;0;0;;0,599;;61,7861142217245;0,307950727883539;Não significativo;0,0503000000000000;Não significativo;0;Sem cluster relevante;;Não estimável
2903706;Boa Nova;BA;Bahia;13690,00000000000;0;105573,8190327055;0,0000000000000000;0,16948313120451786;0,0000000000000000;0;0;;0,567;;69,3950930626058;31,683587140439933;Não significativo;0,4984820359281438;Não significativo;0;Sem cluster relevante;;Não estimável
3152204;Porteirinha;MG;Norte de Minas;37438,00000000001;0;304389,0299621414;0,0000000000000000;0,16549631166193793;0,0000000000000000;0;0;;0,651;;79,3898156277436;28,563067017851917;Não significativo;0,3108540000000000;Não significativo;0;Sem cluster relevante;;Não estimável
2904704;Buerarema;BA;Bahia;14804,00000000000;0;133054,4683093538;0,0000000000000000;0,16136049582257284;0,0000000000000000;0;0;;0,613;;79,9965028851198;71,323657982164718;Não significativo;0,1815707317073171;Não significativo;0;Sem cluster relevante;;Não estimável
2931202;Taperoá;BA;Bahia;18044,00000000001;0;158113,6036229347;0,0000000000000000;0,14540936913401578;0,0000000000000000;0;0;;0,566;;59,7178186429930;31,880152187698162;Não significativo;0,3274336538461539;Não significativo;0;Sem cluster relevante;;Não estimável
2910776;Feira da Mata;BA;Bahia;5631,00000000000;0;45664,1786247681;0,0000000000000000;0,14461982147365343;0,0000000000000000;0;0;;0,588;;70,4453441295547;0,202429149797571;Não significativo;0,4235912037037037;Não significativo;0;Sem cluster relevante;;Não estimável
2926657;Ribeirão do Largo;BA;Bahia;9739,99999999999;0;62051,3699364455;0,0000000000000000;0,14445762131157636;0,0000000000000000;0;0;;0,540;;54,0810157194680;23,972188633615477;Não significativo;0,3904098837209302;Não significativo;0;Sem cluster relevante;;Não estimável
2911659;Guajeru;BA;Bahia;8050,00000000000;0;59782,0295562938;0,0000000000000000;0,14249480714662688;0,0000000000000000;0;0;;0,569;;58,9891696750902;0,433212996389892;Não significativo;0,4866932668329177;Não significativo;0;Sem cluster relevante;;Não estimável
2900108;Abaíra;BA;Bahia;7301,00000000000;0;64433,1136108387;0,0000000000000000;0,13997253123058950;0,0000000000000000;0;0;;0,603;;85,7825128581925;24,687729610580455;Não significativo;0,3108540000000000;Não significativo;0;Sem cluster relevante;;Não estimável
2921054;Matina;BA;Bahia;10330,00000000000;0;91007,4335661396;0,0000000000000000;0,13091332354755478;0,0000000000000000;0;0;;0,572;;45,1702786377709;0,185758513931889;Não significativo;0,3911258620689655;Não significativo;0;Sem cluster relevante;;Não estimável
2904209;Botuporã;BA;Bahia;11024,00000000001;0;85767,8309545036;0,0000000000000000;0,12911715374565638;0,0000000000000000;0;0;;0,575;;67,7206488864449;31,839428100082483;Não significativo;0,3755034722222222;Não significativo;0;Sem cluster relevante;;Não estimável
3154507;Riacho dos Machados;MG;Norte de Minas;8756,00000000000;0;73235,7605114299;0,0000000000000000;0,11285310142887378;0,0000000000000000;0;0;;0,627;;73,5240854762767;41,398044186888811;Não significativo;0,4437317829457364;Não significativo;0;Sem cluster relevante;;Não estimável
2902203;Aramari;BA;Bahia;9833,00000000000;0;85746,4535783012;0,0000000000000000;0,11244296982087923;0,0000000000000000;0;0;;0,588;;80,8132875143184;10,108820160366552;Não significativo;0,4112764705882354;Não significativo;0;Sem cluster relevante;;Não estimável
2907103;Carinhanha;BA;Bahia;28868,99999999999;0;235466,4277120266;0,0000000000000000;0,11155810929715912;0,0000000000000000;0;0;;0,576;;72,6784178847807;32,674118658641440;Não significativo;0,4866932668329177;Não significativo;0;Sem cluster relevante;;Não estimável
2900207;Abaré;BA;Bahia;17639,00000000000;0;152925,9830239090;0,0000000000000000;0,10960622445628490;0,0000000000000000;0;0;;0,575;;87,7547339945897;53,381424706943193;Não significativo;0,4142352941176471;Não significativo;0;Sem cluster relevante;;Não estimável
3166956;Serranópolis de Minas;MG;Norte de Minas;4399,00000000000;0;37017,2355458195;0,0000000000000000;0,10917974873323344;0,0000000000000000;0;0;;0,633;;68,0865006553080;0,131061598951507;Não significativo;0,3904098837209302;Não significativo;0;Sem cluster relevante;;Não estimável
2920007;Maiquinique;BA;Bahia;8731,00000000000;0;76248,8952079492;0,0000000000000000;0,10802677227786055;0,0000000000000000;0;0;;0,576;;79,1049479987394;73,179955877718257;Não significativo;0,4479010600706714;Não significativo;0;Sem cluster relevante;;Não estimável
2909901;Curaçá;BA;Bahia;34180,00000000000;0;280456,4280069654;0,0000000000000000;0,10765483768929421;0,0000000000000000;0;0;;0,581;;77,2419928825623;36,218861209964416;Não significativo;0,3472886956521739;Não significativo;0;Sem cluster relevante;;Não estimável
2917102;Itororó;BA;Bahia;16617,00000000000;0;148730,1985983480;0,0000000000000000;0,10659993444677669;0,0000000000000000;0;0;;0,594;;92,3188405797102;86,070853462157814;Não significativo;0,4142352941176471;Não significativo;0;Sem cluster relevante;;Não estimável
2928208;Santana;BA;Bahia;24755,00000000001;0;207558,5897121875;0,0000000000000000;0,10103325653115031;0,0000000000000000;0;0;;0,608;;74,7528879361677;5,263784685006550;Não significativo;0,0541692307692308;Não significativo;0;Sem cluster relevante;;Não estimável
2909406;Cotegipe;BA;Bahia;13063,00000000001;0;108366,9238653025;0,0000000000000000;0,09460657231759186;0,0000000000000000;0;0;;0,590;;66,8782588982090;0,317388347313534;Não significativo;0,3108540000000000;Não significativo;0;Sem cluster relevante;;Não estimável
2915205;Itagibá;BA;Bahia;15310,00000000001;0;120521,1324516836;0,0000000000000000;0,09310696801776419;0,0000000000000000;0;0;;0,589;;77,9819886050358;66,531887520676349;Não significativo;0,3990089887640449;Não significativo;0;Sem cluster relevante;;Não estimável
3162658;São João do Pacuí;MG;Norte de Minas;3972,00000000000;0;33817,8005932499;0,0000000000000000;0,09155222807807445;0,0000000000000000;0;0;;0,625;;48,0528511821975;1,112656467315716;Não significativo;0,4032156756756757;Não significativo;0;Sem cluster relevante;;Não estimável
2900504;Érico Cardoso;BA;Bahia;10604,00000000000;0;85618,6272325311;0,0000000000000000;0,08116215277669882;0,0000000000000000;0;0;;0,584;;57,5796588348890;0,354039266173157;Não significativo;0,1833155555555556;Não significativo;0;Sem cluster relevante;;Não estimável
2931004;Tanhaçu;BA;Bahia;21006,00000000001;0;167499,3403342109;0,0000000000000000;0,07603999663133645;0,0000000000000000;0;0;;0,577;;47,6060191518468;19,083447332421340;Não significativo;0,1815707317073171;Hot spot;0;Sem cluster relevante;;Não estimável
2913705;Inhambupe;BA;Bahia;33790,00000000000;0;299639,1673313093;0,0000000000000000;0,07518387675524142;0,0000000000000000;0;0;;0,565;;83,2620144832126;35,121790651744568;Não significativo;0,1106600000000000;Não significativo;0;Sem cluster relevante;;Não estimável
2917359;Jaborandi;BA;Bahia;9274,99999999999;0;71233,1683615169;0,0000000000000000;0,07516782229558884;0,0000000000000000;0;0;;0,613;;77,3411114522567;32,545287073994473;Não significativo;0,4479010600706714;Não significativo;0;Sem cluster relevante;;Não estimável
2901007;Amargosa;BA;Bahia;36521,00000000001;0;300414,7314926228;0,0000000000000000;0,07187279806910034;0,0000000000000000;0;0;;0,625;;81,5875613747954;29,943460794524622;Não significativo;0,3359660377358491;Não significativo;0;Sem cluster relevante;;Não estimável
2914802;Itabuna;BA;Bahia;186707,99999999988;1;1625126,1969423962;0,0615336828537658;0,06793046318518449;0,0217641743300679;0;0;;0,712;;93,4631258598407;84,013562902127532;Não significativo;0,4805129411764706;Não significativo;0;Sem cluster relevante;;Não estimável
2929057;São Félix do Coribe;BA;Bahia;15194,00000000000;0;123890,5905215754;0,0000000000000000;0,06556943039824990;0,0000000000000000;0;0;;0,639;;80,5919180421172;4,040978941377348;Não significativo;0,1928166666666667;Não significativo;0;Sem cluster relevante;;Não estimável
2933604;Xique-Xique;BA;Bahia;44757,00000000001;0;370617,5428829031;0,0000000000000000;0,06365951014866203;0,0000000000000000;0;0;;0,585;;81,0886768730124;20,619776643739367;Não significativo;0,1732555555555556;Não significativo;0;Sem cluster relevante;;Não estimável
2919801;Macaúbas;BA;Bahia;41859,00000000003;0;371960,8276257572;0,0000000000000000;0,05912957450994483;0,0000000000000000;0;0;;0,609;;82,9297734857630;27,025491727614853;Não significativo;0,0503000000000000;Não significativo;0;Sem cluster relevante;;Não estimável
2930303;Serra Dourada;BA;Bahia;17066,00000000001;0;138961,0934989683;0,0000000000000000;0,05694633561824589;0,0000000000000000;0;0;;0,608;;58,7995930824008;0,966429298067141;Não significativo;0,0964083333333333;Não significativo;0;Sem cluster relevante;;Não estimável
2907202;Casa Nova;BA;Bahia;72086,00000000001;0;586930,9916201114;0,0000000000000000;0,05317879828971459;0,0000000000000000;0;0;;0,570;;63,8685975479516;36,819172113289760;Não significativo;0,3904098837209302;Não significativo;0;Sem cluster relevante;;Não estimável
2923001;Nova Viçosa;BA;Bahia;39509,00000000003;0;337485,1378431399;0,0000000000000000;0,05077347739338971;0,0000000000000000;0;0;;0,654;;58,4996709804782;19,134313080353881;Não significativo;0,3594016129032258;Não significativo;0;Sem cluster relevante;;Não estimável
2915809;Itambé;BA;Bahia;24393,99999999998;0;190973,4252428310;0,0000000000000000;0,04730521775541589;0,0000000000000000;0;0;;0,578;;83,5105067985167;80,247218788627933;Não significativo;0,1926382978723404;Não significativo;0;Sem cluster relevante;;Não estimável
3128253;Guaraciama;MG;Norte de Minas;5051,00000000000;0;40524,4366766790;0,0000000000000000;0,04061737014752709;0,0000000000000000;0;0;;0,677;;72,3209477652127;0,215401184706516;Não significativo;0,4234558139534884;Não significativo;0;Sem cluster relevante;;Não estimável
2926806;Rio do Antônio;BA;Bahia;13146,00000000000;0;115121,6885652193;0,0000000000000000;0,03873817264986414;0,0000000000000000;0;0;;0,576;;66,9417897480452;24,218071242397915;Não significativo;0,4910126168224299;Não significativo;0;Sem cluster relevante;;Não estimável
2915353;Itaguaçu da Bahia;BA;Bahia;12311,00000000001;0;108090,6157511345;0,0000000000000000;0,03619573431996135;0,0000000000000000;0;0;;0,562;;61,3502935420744;6,409001956947162;Não significativo;0,3448495495495496;Não significativo;0;Sem cluster relevante;;Não estimável
2926707;Rio de Contas;BA;Bahia;13184,00000000001;0;105695,6699452053;0,0000000000000000;0,03308529681333502;0,0000000000000000;0;0;;0,605;;80,3336259877085;29,170324846356454;Não significativo;0,4866932668329177;Não significativo;0;Sem cluster relevante;;Não estimável
2932903;Valença;BA;Bahia;85655,00000000004;0;741076,2832345631;0,0000000000000000;0,03294558698564611;0,0000000000000000;0;0;;0,623;;74,8776711056054;60,857850727779493;Não significativo;0,3448495495495496;Não significativo;0;Sem cluster relevante;;Não estimável
2928406;Santa Rita de Cássia;BA;Bahia;27389,99999999998;0;226828,8280894417;0,0000000000000000;0,03127805132805447;0,0000000000000000;0;0;;0,605;;62,5095806416293;12,153728238256871;Não significativo;0,3499318965517241;Não significativo;0;Sem cluster relevante;;Não estimável
2916708;Itaquara;BA;Bahia;8153,00000000000;0;66693,1893580036;0,0000000000000000;0,03019809132171559;0,0000000000000000;0;0;;0,553;;77,6216216216216;52,756756756756765;Não significativo;0,4984820359281438;Não significativo;0;Sem cluster relevante;;Não estimável
2911303;Gentio do Ouro;BA;Bahia;10884,00000000000;0;89476,8784314135;0,0000000000000000;0,02975740906261532;0,0000000000000000;0;0;;0,559;;72,9389208436045;16,050397151465351;Não significativo;0,3655862318840580;Não significativo;0;Sem cluster relevante;;Não estimável
3127800;Grão Mogol;MG;Norte de Minas;13900,99999999999;0;119472,6775827396;0,0000000000000000;0,02690922497766545;0,0000000000000000;0;0;;0,604;;44,7242455775234;26,243496357960456;Não significativo;0,4867264705882353;Não significativo;0;Sem cluster relevante;;Não estimável
3136405;Joaquim Felício;MG;Norte de Minas;3854,00000000000;0;34326,4558099480;0,0000000000000000;0,02632337198078910;0,0000000000000000;0;0;;0,637;;65,3898768809850;38,987688098495212;Não significativo;0,4414328000000000;Não significativo;0;Sem cluster relevante;;Não estimável
2922805;Nova Itarana;BA;Bahia;7780,00000000000;0;64835,2712759794;0,0000000000000000;0,02343579190825452;0,0000000000000000;0;0;;0,524;;78,9849624060150;2,368421052631579;Não significativo;0,4891527058823530;Não significativo;0;Sem cluster relevante;;Não estimável
3144656;Ninheira;MG;Norte de Minas;10588,00000000001;0;84457,2567411202;0,0000000000000000;0,01275697350415290;0,0000000000000000;0;0;;0,556;;73,4379716269242;7,123453063688499;Não significativo;0,4984820359281438;Não significativo;0;Sem cluster relevante;;Não estimável
2922755;Nova Ibiá;BA;Bahia;6501,00000000000;0;52792,2424955451;0,0000000000000000;0,01058256032201902;0,0000000000000000;0;0;;0,570;;44,9396084964598;46,897126197417741;Não significativo;0,1383250000000000;Não significativo;0;Sem cluster relevante;;Não estimável
3108503;Botumirim;MG;Norte de Minas;5790,00000000000;0;48468,4440931024;0,0000000000000000;0,00765086409998085;0,0000000000000000;0;0;;0,602;;62,5599232981783;26,270373921380635;Não significativo;0,4557691525423728;Não significativo;0;Sem cluster relevante;;Não estimável
3157609;Santa Fé de Minas;MG;Norte de Minas;3522,00000000000;0;29481,4702741575;0,0000000000000000;0,00589956009396966;0,0000000000000000;0;0;;0,615;;69,9838187702265;0,404530744336570;Não significativo;0,4984820359281438;Não significativo;0;Sem cluster relevante;;Não estimável
3140852;Matias Cardoso;MG;Norte de Minas;8895,00000000001;0;80553,9104640170;0,0000000000000000;0,00373451648465904;0,0000000000000000;0;0;;0,616;;72,7556325823224;8,110918544194108;Não significativo;0,3755034722222222;Não significativo;0;Sem cluster relevante;;Não estimável
3145455;Olhos-D'água;MG;Norte de Minas;5385,00000000000;0;46415,0821710609;0,0000000000000000;0,00297052430362233;0,0000000000000000;0;0;;0,626;;68,1420483787957;2,727740607308286;Não significativo;0,4660287066246057;Não significativo;0;Sem cluster relevante;;Não estimável
3123809;Engenheiro Navarro;MG;Norte de Minas;6354,00000000000;0;54487,4363686605;0,0000000000000000;0,00213773934287958;0,0000000000000000;0;0;;0,655;;69,1503267973856;60,174291938997825;Não significativo;0,4390004065040651;Não significativo;0;Sem cluster relevante;;Não estimável
2910305;Elísio Medrado;BA;Bahia;7808,00000000000;0;64374,9516127557;0,0000000000000000;0,00185164412876466;0,0000000000000000;0;0;;0,623;;73,8095238095238;0,603621730382294;Não significativo;0,4045634408602151;Não significativo;0;Sem cluster relevante;;Não estimável
3120300;Cristália;MG;Norte de Minas;5121,00000000000;0;44466,9529455362;0,0000000000000000;0,00000000000000000;0,0000000000000000;0;0;;0,583;;61,4849187935035;37,064965197215777;Não significativo;0,0541692307692308;Não significativo;0;Sem cluster relevante;;Não estimável
